<metadata xml:lang="en"><Esri><CreaDate>20230531</CreaDate><CreaTime>09580600</CreaTime><ArcGISFormat>1.0</ArcGISFormat><SyncOnce>FALSE</SyncOnce><DataProperties><lineage><Process ToolSource="c:\program files\arcgis\pro\Resources\ArcToolbox\toolboxes\Conversion Tools.tbx\ExportFeatures" Date="20230531" Time="095806">ExportFeatures TAZ_Joined2 "C:\Users\egreenwell\OneDrive - PlanRVA\ScenarioPlanning\Spatial Distribution Work\ArcWork\ArcWork.gdb\TAZ_Joined3" # NOT_USE_ALIAS "Model_TAZ "Model_TAZ" true true false 8 Double 0 0,First,#,TAZ_Joined2,TAZ_Joined2.Model_TAZ,-1,-1;Coun_Name "Coun_Name" true true false 254 Text 0 0,First,#,TAZ_Joined2,TAZ_Joined2.Coun_Name,0,254;MPO "MPO" true true false 254 Text 0 0,First,#,TAZ_Joined2,TAZ_Joined2.MPO,0,254;Acres "Acres" true true false 8 Double 0 0,First,#,TAZ_Joined2,TAZ_Joined2.Acres,-1,-1;Area_Type "Area_Type" true true false 10 Text 0 0,First,#,TAZ_Joined2,TAZ_Joined2.Area_Type,0,10;PDC "PDC" true true false 10 Text 0 0,First,#,TAZ_Joined2,TAZ_Joined2.PDC,0,10;TADCE "TADCE" true true false 8 Text 0 0,First,#,TAZ_Joined2,TAZ_Joined2.TADCE,0,8;Truck "Truck" true true false 4 Long 0 0,First,#,TAZ_Joined2,TAZ_Joined2.Truck,-1,-1;EJ_Index_1 "EJ_Index_1" true true false 8 Double 0 0,First,#,TAZ_Joined2,TAZ_Joined2.EJ_Index_1,-1,-1;RWSCSA "RWSCSA" true true false 4 Long 0 0,First,#,TAZ_Joined2,TAZ_Joined2.RWSCSA,-1,-1;Justice40 "Justice40" true true false 4 Long 0 0,First,#,TAZ_Joined2,TAZ_Joined2.Justice40,-1,-1;Rt33 "Rt33" true true false 4 Long 0 0,First,#,TAZ_Joined2,TAZ_Joined2.Rt33,-1,-1;Rt60 "Rt60" true true false 4 Long 0 0,First,#,TAZ_Joined2,TAZ_Joined2.Rt60,-1,-1;Rt250 "Rt250" true true false 4 Long 0 0,First,#,TAZ_Joined2,TAZ_Joined2.Rt250,-1,-1;Rt301 "Rt301" true true false 4 Long 0 0,First,#,TAZ_Joined2,TAZ_Joined2.Rt301,-1,-1;Rt360 "Rt360" true true false 4 Long 0 0,First,#,TAZ_Joined2,TAZ_Joined2.Rt360,-1,-1;BIOL "BIOL" true true false 4 Long 0 0,First,#,TAZ_Joined2,TAZ_Joined2.BIOL,-1,-1;IFS "IFS" true true false 4 Long 0 0,First,#,TAZ_Joined2,TAZ_Joined2.IFS,-1,-1;InnerLpTAZ "InnerLpTAZ" true true false 4 Long 0 0,First,#,TAZ_Joined2,TAZ_Joined2.InnerLpTAZ,-1,-1;OuterLpTAZ "OuterLpTAZ" true true false 4 Long 0 0,First,#,TAZ_Joined2,TAZ_Joined2.OuterLpTAZ,-1,-1;OutOverlap "OutOverlap" true true false 4 Long 0 0,First,#,TAZ_Joined2,TAZ_Joined2.OutOverlap,-1,-1;Rt1 "Rt1" true true false 4 Long 0 0,First,#,TAZ_Joined2,TAZ_Joined2.Rt1,-1,-1;VIOL "VIOL" true true false 4 Long 0 0,First,#,TAZ_Joined2,TAZ_Joined2.VIOL,-1,-1;Shape_Length "Shape_Length" false true true 8 Double 0 0,First,#,TAZ_Joined2,TAZ_Joined2.Shape_Length,-1,-1;Shape_Area "Shape_Area" false true true 8 Double 0 0,First,#,TAZ_Joined2,TAZ_Joined2.Shape_Area,-1,-1;FID "FID" false true false 4 Long 0 9,First,#,TAZ_Joined2,Ashland.FID,-1,-1;Model_TAZ "Model_TAZ" true true false 19 Double 0 0,First,#,TAZ_Joined2,Ashland.Model_TAZ,-1,-1;Coun_Name "Coun_Name" true true false 254 Text 0 0,First,#,TAZ_Joined2,Ashland.Coun_Name,0,254;MPO "MPO" true true false 254 Text 0 0,First,#,TAZ_Joined2,Ashland.MPO,0,254;Acres "Acres" true true false 19 Double 0 0,First,#,TAZ_Joined2,Ashland.Acres,-1,-1;Area_Type "Area_Type" true true false 10 Text 0 0,First,#,TAZ_Joined2,Ashland.Area_Type,0,10;Ashland "Ashland" true true false 10 Long 0 10,First,#,TAZ_Joined2,Ashland.Ashland,-1,-1;FID "FID" false true false 4 Long 0 9,First,#,TAZ_Joined2,CGC.FID,-1,-1;Model_TAZ "Model_TAZ" true true false 19 Double 0 0,First,#,TAZ_Joined2,CGC.Model_TAZ,-1,-1;Coun_Name "Coun_Name" true true false 254 Text 0 0,First,#,TAZ_Joined2,CGC.Coun_Name,0,254;MPO "MPO" true true false 254 Text 0 0,First,#,TAZ_Joined2,CGC.MPO,0,254;Acres "Acres" true true false 19 Double 0 0,First,#,TAZ_Joined2,CGC.Acres,-1,-1;Area_Type "Area_Type" true true false 10 Text 0 0,First,#,TAZ_Joined2,CGC.Area_Type,0,10;CGC "CGC" true true false 10 Long 0 10,First,#,TAZ_Joined2,CGC.CGC,-1,-1;FID "FID" false true false 4 Long 0 9,First,#,TAZ_Joined2,CommerceRd.FID,-1,-1;Model_TAZ "Model_TAZ" true true false 19 Double 0 0,First,#,TAZ_Joined2,CommerceRd.Model_TAZ,-1,-1;Coun_Name "Coun_Name" true true false 254 Text 0 0,First,#,TAZ_Joined2,CommerceRd.Coun_Name,0,254;MPO "MPO" true true false 254 Text 0 0,First,#,TAZ_Joined2,CommerceRd.MPO,0,254;Acres "Acres" true true false 19 Double 0 0,First,#,TAZ_Joined2,CommerceRd.Acres,-1,-1;Area_Type "Area_Type" true true false 10 Text 0 0,First,#,TAZ_Joined2,CommerceRd.Area_Type,0,10;CommerceRd "CommerceRd" true true false 10 Long 0 10,First,#,TAZ_Joined2,CommerceRd.CommerceRd,-1,-1;FID "FID" false true false 4 Long 0 9,First,#,TAZ_Joined2,HGC.FID,-1,-1;Model_TAZ "Model_TAZ" true true false 19 Double 0 0,First,#,TAZ_Joined2,HGC.Model_TAZ,-1,-1;Coun_Name "Coun_Name" true true false 254 Text 0 0,First,#,TAZ_Joined2,HGC.Coun_Name,0,254;MPO "MPO" true true false 254 Text 0 0,First,#,TAZ_Joined2,HGC.MPO,0,254;Acres "Acres" true true false 19 Double 0 0,First,#,TAZ_Joined2,HGC.Acres,-1,-1;Area_Type "Area_Type" true true false 10 Text 0 0,First,#,TAZ_Joined2,HGC.Area_Type,0,10;HGC "HGC" true true false 10 Long 0 10,First,#,TAZ_Joined2,HGC.HGC,-1,-1;FID "FID" false true false 4 Long 0 9,First,#,TAZ_Joined2,KingsDom.FID,-1,-1;Model_TAZ "Model_TAZ" true true false 19 Double 0 0,First,#,TAZ_Joined2,KingsDom.Model_TAZ,-1,-1;Coun_Name "Coun_Name" true true false 254 Text 0 0,First,#,TAZ_Joined2,KingsDom.Coun_Name,0,254;MPO "MPO" true true false 254 Text 0 0,First,#,TAZ_Joined2,KingsDom.MPO,0,254;Acres "Acres" true true false 19 Double 0 0,First,#,TAZ_Joined2,KingsDom.Acres,-1,-1;Area_Type "Area_Type" true true false 10 Text 0 0,First,#,TAZ_Joined2,KingsDom.Area_Type,0,10;KingsDom "KingsDom" true true false 10 Long 0 10,First,#,TAZ_Joined2,KingsDom.KingsDom,-1,-1;FID "FID" false true false 4 Long 0 9,First,#,TAZ_Joined2,Mchncsville.FID,-1,-1;Model_TAZ "Model_TAZ" true true false 19 Double 0 0,First,#,TAZ_Joined2,Mchncsville.Model_TAZ,-1,-1;Coun_Name "Coun_Name" true true false 254 Text 0 0,First,#,TAZ_Joined2,Mchncsville.Coun_Name,0,254;MPO "MPO" true true false 254 Text 0 0,First,#,TAZ_Joined2,Mchncsville.MPO,0,254;Acres "Acres" true true false 19 Double 0 0,First,#,TAZ_Joined2,Mchncsville.Acres,-1,-1;Area_Type "Area_Type" true true false 10 Text 0 0,First,#,TAZ_Joined2,Mchncsville.Area_Type,0,10;Mchnville "Mchnville" true true false 10 Long 0 10,First,#,TAZ_Joined2,Mchncsville.Mchnville,-1,-1;FID "FID" false true false 4 Long 0 9,First,#,TAZ_Joined2,Meadowville.FID,-1,-1;Model_TAZ "Model_TAZ" true true false 19 Double 0 0,First,#,TAZ_Joined2,Meadowville.Model_TAZ,-1,-1;Coun_Name "Coun_Name" true true false 254 Text 0 0,First,#,TAZ_Joined2,Meadowville.Coun_Name,0,254;MPO "MPO" true true false 254 Text 0 0,First,#,TAZ_Joined2,Meadowville.MPO,0,254;Acres "Acres" true true false 19 Double 0 0,First,#,TAZ_Joined2,Meadowville.Acres,-1,-1;Area_Type "Area_Type" true true false 10 Text 0 0,First,#,TAZ_Joined2,Meadowville.Area_Type,0,10;Mdwville "Mdwville" true true false 10 Long 0 10,First,#,TAZ_Joined2,Meadowville.Mdwville,-1,-1;FID "FID" false true false 4 Long 0 9,First,#,TAZ_Joined2,MidloEast.FID,-1,-1;Model_TAZ "Model_TAZ" true true false 19 Double 0 0,First,#,TAZ_Joined2,MidloEast.Model_TAZ,-1,-1;Coun_Name "Coun_Name" true true false 254 Text 0 0,First,#,TAZ_Joined2,MidloEast.Coun_Name,0,254;MPO "MPO" true true false 254 Text 0 0,First,#,TAZ_Joined2,MidloEast.MPO,0,254;Acres "Acres" true true false 19 Double 0 0,First,#,TAZ_Joined2,MidloEast.Acres,-1,-1;Area_Type "Area_Type" true true false 10 Text 0 0,First,#,TAZ_Joined2,MidloEast.Area_Type,0,10;MidloEast "MidloEast" true true false 10 Long 0 10,First,#,TAZ_Joined2,MidloEast.MidloEast,-1,-1;FID "FID" false true false 4 Long 0 9,First,#,TAZ_Joined2,MidloVillage.FID,-1,-1;Model_TAZ "Model_TAZ" true true false 19 Double 0 0,First,#,TAZ_Joined2,MidloVillage.Model_TAZ,-1,-1;Coun_Name "Coun_Name" true true false 254 Text 0 0,First,#,TAZ_Joined2,MidloVillage.Coun_Name,0,254;MPO "MPO" true true false 254 Text 0 0,First,#,TAZ_Joined2,MidloVillage.MPO,0,254;Acres "Acres" true true false 19 Double 0 0,First,#,TAZ_Joined2,MidloVillage.Acres,-1,-1;Area_Type "Area_Type" true true false 10 Text 0 0,First,#,TAZ_Joined2,MidloVillage.Area_Type,0,10;MidloVlg "MidloVlg" true true false 10 Long 0 10,First,#,TAZ_Joined2,MidloVillage.MidloVlg,-1,-1;FID "FID" false true false 4 Long 0 9,First,#,TAZ_Joined2,MidloWest.FID,-1,-1;Model_TAZ "Model_TAZ" true true false 19 Double 0 0,First,#,TAZ_Joined2,MidloWest.Model_TAZ,-1,-1;Coun_Name "Coun_Name" true true false 254 Text 0 0,First,#,TAZ_Joined2,MidloWest.Coun_Name,0,254;MPO "MPO" true true false 254 Text 0 0,First,#,TAZ_Joined2,MidloWest.MPO,0,254;Acres "Acres" true true false 19 Double 0 0,First,#,TAZ_Joined2,MidloWest.Acres,-1,-1;Area_Type "Area_Type" true true false 10 Text 0 0,First,#,TAZ_Joined2,MidloWest.Area_Type,0,10;MidloWest "MidloWest" true true false 10 Long 0 10,First,#,TAZ_Joined2,MidloWest.MidloWest,-1,-1;FID "FID" false true false 4 Long 0 9,First,#,TAZ_Joined2,RichmCBD.FID,-1,-1;Model_TAZ "Model_TAZ" true true false 19 Double 0 0,First,#,TAZ_Joined2,RichmCBD.Model_TAZ,-1,-1;Coun_Name "Coun_Name" true true false 254 Text 0 0,First,#,TAZ_Joined2,RichmCBD.Coun_Name,0,254;MPO "MPO" true true false 254 Text 0 0,First,#,TAZ_Joined2,RichmCBD.MPO,0,254;Acres "Acres" true true false 19 Double 0 0,First,#,TAZ_Joined2,RichmCBD.Acres,-1,-1;Area_Type "Area_Type" true true false 10 Text 0 0,First,#,TAZ_Joined2,RichmCBD.Area_Type,0,10;RichmCBD "RichmCBD" true true false 10 Long 0 10,First,#,TAZ_Joined2,RichmCBD.RichmCBD,-1,-1;FID "FID" false true false 4 Long 0 9,First,#,TAZ_Joined2,Sandston.FID,-1,-1;Model_TAZ "Model_TAZ" true true false 19 Double 0 0,First,#,TAZ_Joined2,Sandston.Model_TAZ,-1,-1;Coun_Name "Coun_Name" true true false 254 Text 0 0,First,#,TAZ_Joined2,Sandston.Coun_Name,0,254;MPO "MPO" true true false 254 Text 0 0,First,#,TAZ_Joined2,Sandston.MPO,0,254;Acres "Acres" true true false 19 Double 0 0,First,#,TAZ_Joined2,Sandston.Acres,-1,-1;Area_Type "Area_Type" true true false 10 Text 0 0,First,#,TAZ_Joined2,Sandston.Area_Type,0,10;Sandston "Sandston" true true false 10 Long 0 10,First,#,TAZ_Joined2,Sandston.Sandston,-1,-1;FID "FID" false true false 4 Long 0 9,First,#,TAZ_Joined2,ShortPump.FID,-1,-1;Model_TAZ "Model_TAZ" true true false 19 Double 0 0,First,#,TAZ_Joined2,ShortPump.Model_TAZ,-1,-1;Coun_Name "Coun_Name" true true false 254 Text 0 0,First,#,TAZ_Joined2,ShortPump.Coun_Name,0,254;MPO "MPO" true true false 254 Text 0 0,First,#,TAZ_Joined2,ShortPump.MPO,0,254;Acres "Acres" true true false 19 Double 0 0,First,#,TAZ_Joined2,ShortPump.Acres,-1,-1;Area_Type "Area_Type" true true false 10 Text 0 0,First,#,TAZ_Joined2,ShortPump.Area_Type,0,10;ShortPump "ShortPump" true true false 10 Long 0 10,First,#,TAZ_Joined2,ShortPump.ShortPump,-1,-1;FID "FID" false true false 4 Long 0 9,First,#,TAZ_Joined2,StaplMill.FID,-1,-1;Model_TAZ "Model_TAZ" true true false 19 Double 0 0,First,#,TAZ_Joined2,StaplMill.Model_TAZ,-1,-1;Coun_Name "Coun_Name" true true false 254 Text 0 0,First,#,TAZ_Joined2,StaplMill.Coun_Name,0,254;MPO "MPO" true true false 254 Text 0 0,First,#,TAZ_Joined2,StaplMill.MPO,0,254;Acres "Acres" true true false 19 Double 0 0,First,#,TAZ_Joined2,StaplMill.Acres,-1,-1;Area_Type "Area_Type" true true false 10 Text 0 0,First,#,TAZ_Joined2,StaplMill.Area_Type,0,10;StaplMill "StaplMill" true true false 10 Long 0 10,First,#,TAZ_Joined2,StaplMill.StaplMill,-1,-1;FID "FID" false true false 4 Long 0 9,First,#,TAZ_Joined2,Stonebridge.FID,-1,-1;Model_TAZ "Model_TAZ" true true false 19 Double 0 0,First,#,TAZ_Joined2,Stonebridge.Model_TAZ,-1,-1;Coun_Name "Coun_Name" true true false 254 Text 0 0,First,#,TAZ_Joined2,Stonebridge.Coun_Name,0,254;MPO "MPO" true true false 254 Text 0 0,First,#,TAZ_Joined2,Stonebridge.MPO,0,254;Acres "Acres" true true false 19 Double 0 0,First,#,TAZ_Joined2,Stonebridge.Acres,-1,-1;Area_Type "Area_Type" true true false 10 Text 0 0,First,#,TAZ_Joined2,Stonebridge.Area_Type,0,10;Stonebrdg "Stonebrdg" true true false 10 Long 0 10,First,#,TAZ_Joined2,Stonebridge.Stonebrdg,-1,-1;FID "FID" false true false 4 Long 0 9,First,#,TAZ_Joined2,SwiftCreek.FID,-1,-1;Model_TAZ "Model_TAZ" true true false 19 Double 0 0,First,#,TAZ_Joined2,SwiftCreek.Model_TAZ,-1,-1;Coun_Name "Coun_Name" true true false 254 Text 0 0,First,#,TAZ_Joined2,SwiftCreek.Coun_Name,0,254;MPO "MPO" true true false 254 Text 0 0,First,#,TAZ_Joined2,SwiftCreek.MPO,0,254;Acres "Acres" true true false 19 Double 0 0,First,#,TAZ_Joined2,SwiftCreek.Acres,-1,-1;Area_Type "Area_Type" true true false 10 Text 0 0,First,#,TAZ_Joined2,SwiftCreek.Area_Type,0,10;SwiftCreek "SwiftCreek" true true false 10 Long 0 10,First,#,TAZ_Joined2,SwiftCreek.SwiftCreek,-1,-1;FID "FID" false true false 4 Long 0 9,First,#,TAZ_Joined2,USDSC.FID,-1,-1;Model_TAZ "Model_TAZ" true true false 19 Double 0 0,First,#,TAZ_Joined2,USDSC.Model_TAZ,-1,-1;Coun_Name "Coun_Name" true true false 254 Text 0 0,First,#,TAZ_Joined2,USDSC.Coun_Name,0,254;MPO "MPO" true true false 254 Text 0 0,First,#,TAZ_Joined2,USDSC.MPO,0,254;Acres "Acres" true true false 19 Double 0 0,First,#,TAZ_Joined2,USDSC.Acres,-1,-1;Area_Type "Area_Type" true true false 10 Text 0 0,First,#,TAZ_Joined2,USDSC.Area_Type,0,10;USDSC "USDSC" true true false 10 Long 0 10,First,#,TAZ_Joined2,USDSC.USDSC,-1,-1;FID "FID" false true false 4 Long 0 9,First,#,TAZ_Joined2,VACC.FID,-1,-1;Model_TAZ "Model_TAZ" true true false 19 Double 0 0,First,#,TAZ_Joined2,VACC.Model_TAZ,-1,-1;Coun_Name "Coun_Name" true true false 254 Text 0 0,First,#,TAZ_Joined2,VACC.Coun_Name,0,254;MPO "MPO" true true false 254 Text 0 0,First,#,TAZ_Joined2,VACC.MPO,0,254;Acres "Acres" true true false 19 Double 0 0,First,#,TAZ_Joined2,VACC.Acres,-1,-1;Area_Type "Area_Type" true true false 10 Text 0 0,First,#,TAZ_Joined2,VACC.Area_Type,0,10;VACC "VACC" true true false 10 Long 0 10,First,#,TAZ_Joined2,VACC.VACC,-1,-1;FID "FID" false true false 4 Long 0 9,First,#,TAZ_Joined2,VSU.FID,-1,-1;Model_TAZ "Model_TAZ" true true false 19 Double 0 0,First,#,TAZ_Joined2,VSU.Model_TAZ,-1,-1;Coun_Name "Coun_Name" true true false 254 Text 0 0,First,#,TAZ_Joined2,VSU.Coun_Name,0,254;MPO "MPO" true true false 254 Text 0 0,First,#,TAZ_Joined2,VSU.MPO,0,254;Acres "Acres" true true false 19 Double 0 0,First,#,TAZ_Joined2,VSU.Acres,-1,-1;Area_Type "Area_Type" true true false 10 Text 0 0,First,#,TAZ_Joined2,VSU.Area_Type,0,10;VSU "VSU" true true false 10 Long 0 10,First,#,TAZ_Joined2,VSU.VSU,-1,-1;FID "FID" false true false 4 Long 0 9,First,#,TAZ_Joined2,WestCreek.FID,-1,-1;Model_TAZ "Model_TAZ" true true false 19 Double 0 0,First,#,TAZ_Joined2,WestCreek.Model_TAZ,-1,-1;Coun_Name "Coun_Name" true true false 254 Text 0 0,First,#,TAZ_Joined2,WestCreek.Coun_Name,0,254;MPO "MPO" true true false 254 Text 0 0,First,#,TAZ_Joined2,WestCreek.MPO,0,254;Acres "Acres" true true false 19 Double 0 0,First,#,TAZ_Joined2,WestCreek.Acres,-1,-1;Area_Type "Area_Type" true true false 10 Text 0 0,First,#,TAZ_Joined2,WestCreek.Area_Type,0,10;WestCreek "WestCreek" true true false 10 Long 0 10,First,#,TAZ_Joined2,WestCreek.WestCreek,-1,-1" #</Process><Process ToolSource="c:\program files\arcgis\pro\Resources\ArcToolbox\toolboxes\Data Management Tools.tbx\UpdateSchema" Date="20230531" Time="100227">UpdateSchema "CIMDATA=&lt;CIMStandardDataConnection xsi:type='typens:CIMStandardDataConnection' xmlns:xsi='http://www.w3.org/2001/XMLSchema-instance' xmlns:xs='http://www.w3.org/2001/XMLSchema' xmlns:typens='http://www.esri.com/schemas/ArcGIS/3.1.0'&gt;&lt;WorkspaceConnectionString&gt;DATABASE=C:\Users\egreenwell\OneDrive - PlanRVA\ScenarioPlanning\Spatial Distribution Work\ArcWork\ArcWork.gdb&lt;/WorkspaceConnectionString&gt;&lt;WorkspaceFactory&gt;FileGDB&lt;/WorkspaceFactory&gt;&lt;Dataset&gt;TAZ_Joined3&lt;/Dataset&gt;&lt;DatasetType&gt;esriDTFeatureClass&lt;/DatasetType&gt;&lt;/CIMStandardDataConnection&gt;" &lt;operationSequence&gt;&lt;workflow&gt;&lt;DeleteField&gt;&lt;field_name&gt;FID_12&lt;/field_name&gt;&lt;field_name&gt;Model_TAZ_12&lt;/field_name&gt;&lt;field_name&gt;Coun_Name_12&lt;/field_name&gt;&lt;field_name&gt;MPO_12&lt;/field_name&gt;&lt;field_name&gt;Acres_12&lt;/field_name&gt;&lt;field_name&gt;Area_Type_12&lt;/field_name&gt;&lt;field_name&gt;FID_12_13&lt;/field_name&gt;&lt;field_name&gt;Model_TAZ_12_13&lt;/field_name&gt;&lt;field_name&gt;Coun_Name_12_13&lt;/field_name&gt;&lt;field_name&gt;MPO_12_13&lt;/field_name&gt;&lt;field_name&gt;Acres_12_13&lt;/field_name&gt;&lt;field_name&gt;Area_Type_12_13&lt;/field_name&gt;&lt;field_name&gt;FID_12_13_14&lt;/field_name&gt;&lt;field_name&gt;Model_TAZ_12_13_14&lt;/field_name&gt;&lt;field_name&gt;Coun_Name_12_13_14&lt;/field_name&gt;&lt;field_name&gt;MPO_12_13_14&lt;/field_name&gt;&lt;field_name&gt;Acres_12_13_14&lt;/field_name&gt;&lt;field_name&gt;Area_Type_12_13_14&lt;/field_name&gt;&lt;field_name&gt;FID_12_13_14_15&lt;/field_name&gt;&lt;field_name&gt;Model_TAZ_12_13_14_15&lt;/field_name&gt;&lt;field_name&gt;Coun_Name_12_13_14_15&lt;/field_name&gt;&lt;field_name&gt;MPO_12_13_14_15&lt;/field_name&gt;&lt;field_name&gt;Acres_12_13_14_15&lt;/field_name&gt;&lt;field_name&gt;Area_Type_12_13_14_15&lt;/field_name&gt;&lt;field_name&gt;FID_12_13_14_15_16&lt;/field_name&gt;&lt;field_name&gt;Model_TAZ_12_13_14_15_16&lt;/field_name&gt;&lt;field_name&gt;Coun_Name_12_13_14_15_16&lt;/field_name&gt;&lt;field_name&gt;MPO_12_13_14_15_16&lt;/field_name&gt;&lt;field_name&gt;Acres_12_13_14_15_16&lt;/field_name&gt;&lt;field_name&gt;Area_Type_12_13_14_15_16&lt;/field_name&gt;&lt;field_name&gt;FID_12_13_14_15_16_17&lt;/field_name&gt;&lt;field_name&gt;Model_TAZ_12_13_14_15_16_17&lt;/field_name&gt;&lt;field_name&gt;Coun_Name_12_13_14_15_16_17&lt;/field_name&gt;&lt;field_name&gt;MPO_12_13_14_15_16_17&lt;/field_name&gt;&lt;field_name&gt;Acres_12_13_14_15_16_17&lt;/field_name&gt;&lt;field_name&gt;Area_Type_12_13_14_15_16_17&lt;/field_name&gt;&lt;field_name&gt;FID_12_13_14_15_16_17_18&lt;/field_name&gt;&lt;field_name&gt;Model_TAZ_12_13_14_15_16_17_18&lt;/field_name&gt;&lt;field_name&gt;Coun_Name_12_13_14_15_16_17_18&lt;/field_name&gt;&lt;field_name&gt;MPO_12_13_14_15_16_17_18&lt;/field_name&gt;&lt;field_name&gt;Acres_12_13_14_15_16_17_18&lt;/field_name&gt;&lt;field_name&gt;Area_Type_12_13_14_15_16_17_18&lt;/field_name&gt;&lt;field_name&gt;FID_12_13_14_15_16_17_18_19&lt;/field_name&gt;&lt;field_name&gt;Model_TAZ_12_13_14_15_16_17_18_19&lt;/field_name&gt;&lt;field_name&gt;Coun_Name_12_13_14_15_16_17_18_19&lt;/field_name&gt;&lt;field_name&gt;MPO_12_13_14_15_16_17_18_19&lt;/field_name&gt;&lt;field_name&gt;Acres_12_13_14_15_16_17_18_19&lt;/field_name&gt;&lt;field_name&gt;Area_Type_12_13_14_15_16_17_18_19&lt;/field_name&gt;&lt;field_name&gt;FID_12_13_14_15_16_17_18_19_20&lt;/field_name&gt;&lt;field_name&gt;Model_TAZ_12_13_14_15_16_17_18_19_20&lt;/field_name&gt;&lt;field_name&gt;Coun_Name_12_13_14_15_16_17_18_19_20&lt;/field_name&gt;&lt;field_name&gt;MPO_12_13_14_15_16_17_18_19_20&lt;/field_name&gt;&lt;field_name&gt;Acres_12_13_14_15_16_17_18_19_20&lt;/field_name&gt;&lt;field_name&gt;Area_Type_12_13_14_15_16_17_18_19_20&lt;/field_name&gt;&lt;field_name&gt;FID_12_13_14_15_16_17_18_19_20_21&lt;/field_name&gt;&lt;field_name&gt;Model_TAZ_12_13_14_15_16_17_18_19_20_21&lt;/field_name&gt;&lt;field_name&gt;Coun_Name_12_13_14_15_16_17_18_19_20_21&lt;/field_name&gt;&lt;field_name&gt;MPO_12_13_14_15_16_17_18_19_20_21&lt;/field_name&gt;&lt;field_name&gt;Acres_12_13_14_15_16_17_18_19_20_21&lt;/field_name&gt;&lt;field_name&gt;Area_Type_12_13_14_15_16_17_18_19_20_21&lt;/field_name&gt;&lt;field_name&gt;FID_12_13_14_15_16_17_18_19_20_21_22&lt;/field_name&gt;&lt;field_name&gt;Model_TAZ_12_13_14_15_16_17_18_19_20_21_22&lt;/field_name&gt;&lt;field_name&gt;Coun_Name_12_13_14_15_16_17_18_19_20_21_22&lt;/field_name&gt;&lt;field_name&gt;MPO_12_13_14_15_16_17_18_19_20_21_22&lt;/field_name&gt;&lt;field_name&gt;Acres_12_13_14_15_16_17_18_19_20_21_22&lt;/field_name&gt;&lt;field_name&gt;Area_Type_12_13_14_15_16_17_18_19_20_21_22&lt;/field_name&gt;&lt;field_name&gt;FID_12_13_14_15_16_17_18_19_20_21_22_23&lt;/field_name&gt;&lt;field_name&gt;Model_TAZ_12_13_14_15_16_17_18_19_20_21_22_23&lt;/field_name&gt;&lt;field_name&gt;Coun_Name_12_13_14_15_16_17_18_19_20_21_22_23&lt;/field_name&gt;&lt;field_name&gt;MPO_12_13_14_15_16_17_18_19_20_21_22_23&lt;/field_name&gt;&lt;field_name&gt;Acres_12_13_14_15_16_17_18_19_20_21_22_23&lt;/field_name&gt;&lt;field_name&gt;Area_Type_12_13_14_15_16_17_18_19_20_21_22_23&lt;/field_name&gt;&lt;field_name&gt;FID_12_13_14_15_16_17_18_19_20_21_22_23_24&lt;/field_name&gt;&lt;field_name&gt;Model_TAZ_12_13_14_15_16_17_18_19_20_21_22_23_24&lt;/field_name&gt;&lt;field_name&gt;Coun_Name_12_13_14_15_16_17_18_19_20_21_22_23_24&lt;/field_name&gt;&lt;field_name&gt;MPO_12_13_14_15_16_17_18_19_20_21_22_23_24&lt;/field_name&gt;&lt;field_name&gt;Acres_12_13_14_15_16_17_18_19_20_21_22_23_24&lt;/field_name&gt;&lt;field_name&gt;Area_Type_12_13_14_15_16_17_18_19_20_21_22_23_24&lt;/field_name&gt;&lt;field_name&gt;FID_12_13_14_15_16_17_18_19_20_21_22_23_24_25&lt;/field_name&gt;&lt;field_name&gt;Model_TAZ_12_13_14_15_16_17_18_19_20_21_22_23_24_25&lt;/field_name&gt;&lt;field_name&gt;Coun_Name_12_13_14_15_16_17_18_19_20_21_22_23_24_25&lt;/field_name&gt;&lt;field_name&gt;MPO_12_13_14_15_16_17_18_19_20_21_22_23_24_25&lt;/field_name&gt;&lt;field_name&gt;Acres_12_13_14_15_16_17_18_19_20_21_22_23_24_25&lt;/field_name&gt;&lt;field_name&gt;Area_Type_12_13_14_15_16_17_18_19_20_21_22_23_24_25&lt;/field_name&gt;&lt;field_name&gt;FID_12_13_14_15_16_17_18_19_20_21_22_23_24_25_26&lt;/field_name&gt;&lt;field_name&gt;Model_TAZ_12_13_14_15_16_17_18_19_20_21_22_23_24_25_26&lt;/field_name&gt;&lt;field_name&gt;Coun_Name_12_13_14_15_16_17_18_19_20_21_22_23_24_25_26&lt;/field_name&gt;&lt;field_name&gt;MPO_12_13_14_15_16_17_18_19_20_21_22_23_24_25_26&lt;/field_name&gt;&lt;field_name&gt;Acres_12_13_14_15_16_17_18_19_20_21_22_23_24_25_26&lt;/field_name&gt;&lt;field_name&gt;Area_Type_12_13_14_15_16_17_18_19_20_21_22_23_24_25_26&lt;/field_name&gt;&lt;field_name&gt;FID_12_13_14_15_16_17_18_19_20_21_22_23_24_25_26_27&lt;/field_name&gt;&lt;field_name&gt;Model_TAZ_12_13_14_15_16_17_18_19_20_21_22_23_24_25_26_27&lt;/field_name&gt;&lt;field_name&gt;Coun_Name_12_13_14_15_16_17_18_19_20_21_22_23_24_25_26_27&lt;/field_name&gt;&lt;field_name&gt;MPO_12_13_14_15_16_17_18_19_20_21_22_23_24_25_26_27&lt;/field_name&gt;&lt;field_name&gt;Acres_12_13_14_15_16_17_18_19_20_21_22_23_24_25_26_27&lt;/field_name&gt;&lt;field_name&gt;Area_Type_12_13_14_15_16_17_18_19_20_21_22_23_24_25_26_27&lt;/field_name&gt;&lt;field_name&gt;FID_12_13_14_15_16_17_18_19_20_21_22_23_24_25_26_27_28&lt;/field_name&gt;&lt;field_name&gt;Model_TAZ_12_13_14_15_16_17_18_19_20_21_22_23_24_25_26_27_28&lt;/field_name&gt;&lt;field_name&gt;Coun_Name_12_13_14_15_16_17_18_19_20_21_22_23_24_25_26_27_28&lt;/field_name&gt;&lt;field_name&gt;MPO_12_13_14_15_16_17_18_19_20_21_22_23_24_25_26_27_28&lt;/field_name&gt;&lt;field_name&gt;Acres_12_13_14_15_16_17_18_19_20_21_22_23_24_25_26_27_28&lt;/field_name&gt;&lt;field_name&gt;Area_Type_12_13_14_15_16_17_18_19_20_21_22_23_24_25_26_27_28&lt;/field_name&gt;&lt;field_name&gt;FID_12_13_14_15_16_17_18_19_20_21_22_23_24_25_26_27_28_29&lt;/field_name&gt;&lt;field_name&gt;Model_TAZ_12_13_14_15_16_17_18_19_20_21_22_23_24_25_26_27_28_29&lt;/field_name&gt;&lt;field_name&gt;Coun_Name_12_13_14_15_16_17_18_19_20_21_22_23_24_25_26_27_28_29&lt;/field_name&gt;&lt;field_name&gt;MPO_12_13_14_15_16_17_18_19_20_21_22_23_24_25_26_27_28_29&lt;/field_name&gt;&lt;field_name&gt;Acres_12_13_14_15_16_17_18_19_20_21_22_23_24_25_26_27_28_29&lt;/field_name&gt;&lt;field_name&gt;Area_Type_12_13_14_15_16_17_18_19_20_21_22_23_24_25_26_27_28_29&lt;/field_name&gt;&lt;field_name&gt;FID_12_13_14_15_16_17_18_19_20_21_22_23_24_25_26_27_28_29_30&lt;/field_name&gt;&lt;field_name&gt;Model_TAZ_12_13_14_15_16_17_18_19_20_21_22_23_24_25_26_27_28__30&lt;/field_name&gt;&lt;field_name&gt;Coun_Name_12_13_14_15_16_17_18_19_20_21_22_23_24_25_26_27_28__30&lt;/field_name&gt;&lt;field_name&gt;MPO_12_13_14_15_16_17_18_19_20_21_22_23_24_25_26_27_28_29_30&lt;/field_name&gt;&lt;field_name&gt;Acres_12_13_14_15_16_17_18_19_20_21_22_23_24_25_26_27_28_29_30&lt;/field_name&gt;&lt;field_name&gt;Area_Type_12_13_14_15_16_17_18_19_20_21_22_23_24_25_26_27_28__30&lt;/field_name&gt;&lt;/DeleteField&gt;&lt;/workflow&gt;&lt;/operationSequence&gt;</Process><Process ToolSource="c:\program files\arcgis\pro\Resources\ArcToolbox\toolboxes\Data Management Tools.tbx\UpdateSchema" Date="20230531" Time="104817">UpdateSchema "CIMDATA=&lt;CIMStandardDataConnection xsi:type='typens:CIMStandardDataConnection' xmlns:xsi='http://www.w3.org/2001/XMLSchema-instance' xmlns:xs='http://www.w3.org/2001/XMLSchema' xmlns:typens='http://www.esri.com/schemas/ArcGIS/3.1.0'&gt;&lt;WorkspaceConnectionString&gt;DATABASE=C:\Users\egreenwell\OneDrive - PlanRVA\ScenarioPlanning\Spatial Distribution Work\ArcWork\ArcWork.gdb&lt;/WorkspaceConnectionString&gt;&lt;WorkspaceFactory&gt;FileGDB&lt;/WorkspaceFactory&gt;&lt;Dataset&gt;TAZ_Joined3&lt;/Dataset&gt;&lt;DatasetType&gt;esriDTFeatureClass&lt;/DatasetType&gt;&lt;/CIMStandardDataConnection&gt;" &lt;operationSequence&gt;&lt;workflow&gt;&lt;AddField&gt;&lt;field_name&gt;AllCorridor&lt;/field_name&gt;&lt;field_type&gt;LONG&lt;/field_type&gt;&lt;field_is_nullable&gt;True&lt;/field_is_nullable&gt;&lt;field_is_required&gt;False&lt;/field_is_required&gt;&lt;/AddField&gt;&lt;/workflow&gt;&lt;/operationSequence&gt;</Process><Process ToolSource="c:\program files\arcgis\pro\Resources\ArcToolbox\toolboxes\Data Management Tools.tbx\UpdateSchema" Date="20230531" Time="104905">UpdateSchema "CIMDATA=&lt;CIMStandardDataConnection xsi:type='typens:CIMStandardDataConnection' xmlns:xsi='http://www.w3.org/2001/XMLSchema-instance' xmlns:xs='http://www.w3.org/2001/XMLSchema' xmlns:typens='http://www.esri.com/schemas/ArcGIS/3.1.0'&gt;&lt;WorkspaceConnectionString&gt;DATABASE=C:\Users\egreenwell\OneDrive - PlanRVA\ScenarioPlanning\Spatial Distribution Work\ArcWork\ArcWork.gdb&lt;/WorkspaceConnectionString&gt;&lt;WorkspaceFactory&gt;FileGDB&lt;/WorkspaceFactory&gt;&lt;Dataset&gt;TAZ_Joined3&lt;/Dataset&gt;&lt;DatasetType&gt;esriDTFeatureClass&lt;/DatasetType&gt;&lt;/CIMStandardDataConnection&gt;" &lt;operationSequence&gt;&lt;workflow&gt;&lt;DeleteField&gt;&lt;field_name&gt;FID_1&lt;/field_name&gt;&lt;field_name&gt;Model_TAZ_1&lt;/field_name&gt;&lt;field_name&gt;Coun_Name_1&lt;/field_name&gt;&lt;field_name&gt;MPO_1&lt;/field_name&gt;&lt;field_name&gt;Acres_1&lt;/field_name&gt;&lt;field_name&gt;Area_Type_1&lt;/field_name&gt;&lt;/DeleteField&gt;&lt;/workflow&gt;&lt;/operationSequence&gt;</Process><Process ToolSource="c:\program files\arcgis\pro\Resources\ArcToolbox\toolboxes\Conversion Tools.tbx\ExportFeatures" Date="20230531" Time="105727">ExportFeatures TAZ_Joined3 "C:\Users\egreenwell\OneDrive - PlanRVA\ScenarioPlanning\Spatial Distribution Work\Spatial Distribution Work\Shapefiles\TAZ data\TazTagFinal.shp" # NOT_USE_ALIAS "Model_TAZ "Model_TAZ" true true false 8 Double 0 0,First,#,TAZ_Joined3,Model_TAZ,-1,-1;Coun_Name "Coun_Name" true true false 254 Text 0 0,First,#,TAZ_Joined3,Coun_Name,0,254;MPO "MPO" true true false 254 Text 0 0,First,#,TAZ_Joined3,MPO,0,254;Acres "Acres" true true false 8 Double 0 0,First,#,TAZ_Joined3,Acres,-1,-1;Area_Type "Area_Type" true true false 10 Text 0 0,First,#,TAZ_Joined3,Area_Type,0,10;PDC "PDC" true true false 10 Text 0 0,First,#,TAZ_Joined3,PDC,0,10;TADCE "TADCE" true true false 8 Text 0 0,First,#,TAZ_Joined3,TADCE,0,8;Truck "Truck" true true false 4 Long 0 0,First,#,TAZ_Joined3,Truck,-1,-1;EJ_Index_1 "EJ_Index_1" true true false 8 Double 0 0,First,#,TAZ_Joined3,EJ_Index_1,-1,-1;RWSCSA "RWSCSA" true true false 4 Long 0 0,First,#,TAZ_Joined3,RWSCSA,-1,-1;Justice40 "Justice40" true true false 4 Long 0 0,First,#,TAZ_Joined3,Justice40,-1,-1;Rt33 "Rt33" true true false 4 Long 0 0,First,#,TAZ_Joined3,Rt33,-1,-1;Rt60 "Rt60" true true false 4 Long 0 0,First,#,TAZ_Joined3,Rt60,-1,-1;Rt250 "Rt250" true true false 4 Long 0 0,First,#,TAZ_Joined3,Rt250,-1,-1;Rt301 "Rt301" true true false 4 Long 0 0,First,#,TAZ_Joined3,Rt301,-1,-1;Rt360 "Rt360" true true false 4 Long 0 0,First,#,TAZ_Joined3,Rt360,-1,-1;BIOL "BIOL" true true false 4 Long 0 0,First,#,TAZ_Joined3,BIOL,-1,-1;IFS "IFS" true true false 4 Long 0 0,First,#,TAZ_Joined3,IFS,-1,-1;InnerLpTAZ "InnerLpTAZ" true true false 4 Long 0 0,First,#,TAZ_Joined3,InnerLpTAZ,-1,-1;OuterLpTAZ "OuterLpTAZ" true true false 4 Long 0 0,First,#,TAZ_Joined3,OuterLpTAZ,-1,-1;OutOverlap "OutOverlap" true true false 4 Long 0 0,First,#,TAZ_Joined3,OutOverlap,-1,-1;Rt1 "Rt1" true true false 4 Long 0 0,First,#,TAZ_Joined3,Rt1,-1,-1;VIOL "VIOL" true true false 4 Long 0 0,First,#,TAZ_Joined3,VIOL,-1,-1;AllCorridor "AllCorridor" true true false 4 Long 0 0,First,#,TAZ_Joined3,AllCorridor,-1,-1;Ashland "Ashland" true true false 4 Long 0 0,First,#,TAZ_Joined3,Ashland,-1,-1;CGC "CGC" true true false 4 Long 0 0,First,#,TAZ_Joined3,CGC,-1,-1;CommerceRd "CommerceRd" true true false 4 Long 0 0,First,#,TAZ_Joined3,CommerceRd,-1,-1;HGC "HGC" true true false 4 Long 0 0,First,#,TAZ_Joined3,HGC,-1,-1;KingsDom "KingsDom" true true false 4 Long 0 0,First,#,TAZ_Joined3,KingsDom,-1,-1;Mchnville "Mchnville" true true false 4 Long 0 0,First,#,TAZ_Joined3,Mchnville,-1,-1;Mdwville "Mdwville" true true false 4 Long 0 0,First,#,TAZ_Joined3,Mdwville,-1,-1;MidloEast "MidloEast" true true false 4 Long 0 0,First,#,TAZ_Joined3,MidloEast,-1,-1;MidloVlg "MidloVlg" true true false 4 Long 0 0,First,#,TAZ_Joined3,MidloVlg,-1,-1;MidloWest "MidloWest" true true false 4 Long 0 0,First,#,TAZ_Joined3,MidloWest,-1,-1;RichmCBD "RichmCBD" true true false 4 Long 0 0,First,#,TAZ_Joined3,RichmCBD,-1,-1;Sandston "Sandston" true true false 4 Long 0 0,First,#,TAZ_Joined3,Sandston,-1,-1;ShortPump "ShortPump" true true false 4 Long 0 0,First,#,TAZ_Joined3,ShortPump,-1,-1;StaplMill "StaplMill" true true false 4 Long 0 0,First,#,TAZ_Joined3,StaplMill,-1,-1;Stonebrdg "Stonebrdg" true true false 4 Long 0 0,First,#,TAZ_Joined3,Stonebrdg,-1,-1;SwiftCreek "SwiftCreek" true true false 4 Long 0 0,First,#,TAZ_Joined3,SwiftCreek,-1,-1;USDSC "USDSC" true true false 4 Long 0 0,First,#,TAZ_Joined3,USDSC,-1,-1;VACC "VACC" true true false 4 Long 0 0,First,#,TAZ_Joined3,VACC,-1,-1;VSU "VSU" true true false 4 Long 0 0,First,#,TAZ_Joined3,VSU,-1,-1;WestCreek "WestCreek" true true false 4 Long 0 0,First,#,TAZ_Joined3,WestCreek,-1,-1;Shape_Length "Shape_Length" false true true 8 Double 0 0,First,#,TAZ_Joined3,Shape_Length,-1,-1;Shape_Area "Shape_Area" false true true 8 Double 0 0,First,#,TAZ_Joined3,Shape_Area,-1,-1" #</Process><Process ToolSource="c:\program files\arcgis\pro\Resources\ArcToolbox\toolboxes\Conversion Tools.tbx\ExportFeatures" Date="20230531" Time="113629">ExportFeatures TazTagFinal "C:\Users\egreenwell\OneDrive - PlanRVA\ScenarioPlanning\Spatial Distribution Work\Spatial Distribution Work\Shapefiles\TAZ data\TazTagSEData.shp" # NOT_USE_ALIAS "Model_TAZ "Model_TAZ" true true false 19 Double 0 0,First,#,TazTagFinal,TazTagFinal.Model_TAZ,-1,-1;Coun_Name "Coun_Name" true true false 254 Text 0 0,First,#,TazTagFinal,TazTagFinal.Coun_Name,0,254;MPO "MPO" true true false 254 Text 0 0,First,#,TazTagFinal,TazTagFinal.MPO,0,254;Acres "Acres" true true false 19 Double 0 0,First,#,TazTagFinal,TazTagFinal.Acres,-1,-1;Area_Type "Area_Type" true true false 10 Text 0 0,First,#,TazTagFinal,TazTagFinal.Area_Type,0,10;PDC "PDC" true true false 10 Text 0 0,First,#,TazTagFinal,TazTagFinal.PDC,0,10;TADCE "TADCE" true true false 8 Text 0 0,First,#,TazTagFinal,TazTagFinal.TADCE,0,8;Truck "Truck" true true false 10 Long 0 10,First,#,TazTagFinal,TazTagFinal.Truck,-1,-1;EJ_Index_1 "EJ_Index_1" true true false 19 Double 0 0,First,#,TazTagFinal,TazTagFinal.EJ_Index_1,-1,-1;RWSCSA "RWSCSA" true true false 10 Long 0 10,First,#,TazTagFinal,TazTagFinal.RWSCSA,-1,-1;Justice40 "Justice40" true true false 10 Long 0 10,First,#,TazTagFinal,TazTagFinal.Justice40,-1,-1;Rt33 "Rt33" true true false 10 Long 0 10,First,#,TazTagFinal,TazTagFinal.Rt33,-1,-1;Rt60 "Rt60" true true false 10 Long 0 10,First,#,TazTagFinal,TazTagFinal.Rt60,-1,-1;Rt250 "Rt250" true true false 10 Long 0 10,First,#,TazTagFinal,TazTagFinal.Rt250,-1,-1;Rt301 "Rt301" true true false 10 Long 0 10,First,#,TazTagFinal,TazTagFinal.Rt301,-1,-1;Rt360 "Rt360" true true false 10 Long 0 10,First,#,TazTagFinal,TazTagFinal.Rt360,-1,-1;BIOL "BIOL" true true false 10 Long 0 10,First,#,TazTagFinal,TazTagFinal.BIOL,-1,-1;IFS "IFS" true true false 10 Long 0 10,First,#,TazTagFinal,TazTagFinal.IFS,-1,-1;InnerLpTAZ "InnerLpTAZ" true true false 10 Long 0 10,First,#,TazTagFinal,TazTagFinal.InnerLpTAZ,-1,-1;OuterLpTAZ "OuterLpTAZ" true true false 10 Long 0 10,First,#,TazTagFinal,TazTagFinal.OuterLpTAZ,-1,-1;OutOverlap "OutOverlap" true true false 10 Long 0 10,First,#,TazTagFinal,TazTagFinal.OutOverlap,-1,-1;Rt1 "Rt1" true true false 10 Long 0 10,First,#,TazTagFinal,TazTagFinal.Rt1,-1,-1;VIOL "VIOL" true true false 10 Long 0 10,First,#,TazTagFinal,TazTagFinal.VIOL,-1,-1;AllCorrido "AllCorrido" true true false 10 Long 0 10,First,#,TazTagFinal,TazTagFinal.AllCorrido,-1,-1;Ashland "Ashland" true true false 10 Long 0 10,First,#,TazTagFinal,TazTagFinal.Ashland,-1,-1;CGC "CGC" true true false 10 Long 0 10,First,#,TazTagFinal,TazTagFinal.CGC,-1,-1;CommerceRd "CommerceRd" true true false 10 Long 0 10,First,#,TazTagFinal,TazTagFinal.CommerceRd,-1,-1;HGC "HGC" true true false 10 Long 0 10,First,#,TazTagFinal,TazTagFinal.HGC,-1,-1;KingsDom "KingsDom" true true false 10 Long 0 10,First,#,TazTagFinal,TazTagFinal.KingsDom,-1,-1;Mchnville "Mchnville" true true false 10 Long 0 10,First,#,TazTagFinal,TazTagFinal.Mchnville,-1,-1;Mdwville "Mdwville" true true false 10 Long 0 10,First,#,TazTagFinal,TazTagFinal.Mdwville,-1,-1;MidloEast "MidloEast" true true false 10 Long 0 10,First,#,TazTagFinal,TazTagFinal.MidloEast,-1,-1;MidloVlg "MidloVlg" true true false 10 Long 0 10,First,#,TazTagFinal,TazTagFinal.MidloVlg,-1,-1;MidloWest "MidloWest" true true false 10 Long 0 10,First,#,TazTagFinal,TazTagFinal.MidloWest,-1,-1;RichmCBD "RichmCBD" true true false 10 Long 0 10,First,#,TazTagFinal,TazTagFinal.RichmCBD,-1,-1;Sandston "Sandston" true true false 10 Long 0 10,First,#,TazTagFinal,TazTagFinal.Sandston,-1,-1;ShortPump "ShortPump" true true false 10 Long 0 10,First,#,TazTagFinal,TazTagFinal.ShortPump,-1,-1;StaplMill "StaplMill" true true false 10 Long 0 10,First,#,TazTagFinal,TazTagFinal.StaplMill,-1,-1;Stonebrdg "Stonebrdg" true true false 10 Long 0 10,First,#,TazTagFinal,TazTagFinal.Stonebrdg,-1,-1;SwiftCreek "SwiftCreek" true true false 10 Long 0 10,First,#,TazTagFinal,TazTagFinal.SwiftCreek,-1,-1;USDSC "USDSC" true true false 10 Long 0 10,First,#,TazTagFinal,TazTagFinal.USDSC,-1,-1;VACC "VACC" true true false 10 Long 0 10,First,#,TazTagFinal,TazTagFinal.VACC,-1,-1;VSU "VSU" true true false 10 Long 0 10,First,#,TazTagFinal,TazTagFinal.VSU,-1,-1;WestCreek "WestCreek" true true false 10 Long 0 10,First,#,TazTagFinal,TazTagFinal.WestCreek,-1,-1;Shape_Leng "Shape_Leng" true true false 19 Double 0 0,First,#,TazTagFinal,TazTagFinal.Shape_Leng,-1,-1;Shape_Area "Shape_Area" true true false 19 Double 0 0,First,#,TazTagFinal,TazTagFinal.Shape_Area,-1,-1;FID "FID" false true false 4 Long 0 9,First,#,TazTagFinal,2017_2050_SEData_V2_3_24_2023.FID,-1,-1;Model_TAZ "Model_TAZ" true true false 19 Double 0 0,First,#,TazTagFinal,2017_2050_SEData_V2_3_24_2023.Model_TAZ,-1,-1;Coun_Name "Coun_Name" true true false 254 Text 0 0,First,#,TazTagFinal,2017_2050_SEData_V2_3_24_2023.Coun_Name,0,254;MPO "MPO" true true false 254 Text 0 0,First,#,TazTagFinal,2017_2050_SEData_V2_3_24_2023.MPO,0,254;Acres "Acres" true true false 19 Double 0 0,First,#,TazTagFinal,2017_2050_SEData_V2_3_24_2023.Acres,-1,-1;TAZ "TAZ" true true false 19 Double 0 0,First,#,TazTagFinal,2017_2050_SEData_V2_3_24_2023.TAZ,-1,-1;TOPOP_17 "TOPOP_17" true true false 19 Double 0 0,First,#,TazTagFinal,2017_2050_SEData_V2_3_24_2023.TOPOP_17,-1,-1;TOPOP_50 "TOPOP_50" true true false 19 Double 0 0,First,#,TazTagFinal,2017_2050_SEData_V2_3_24_2023.TOPOP_50,-1,-1;POPHH_17 "POPHH_17" true true false 19 Double 0 0,First,#,TazTagFinal,2017_2050_SEData_V2_3_24_2023.POPHH_17,-1,-1;POPHH_50 "POPHH_50" true true false 19 Double 0 0,First,#,TazTagFinal,2017_2050_SEData_V2_3_24_2023.POPHH_50,-1,-1;POPGQ_17 "POPGQ_17" true true false 19 Double 0 0,First,#,TazTagFinal,2017_2050_SEData_V2_3_24_2023.POPGQ_17,-1,-1;POPGQ_50 "POPGQ_50" true true false 19 Double 0 0,First,#,TazTagFinal,2017_2050_SEData_V2_3_24_2023.POPGQ_50,-1,-1;HU_17 "HU_17" true true false 19 Double 0 0,First,#,TazTagFinal,2017_2050_SEData_V2_3_24_2023.HU_17,-1,-1;HU_50 "HU_50" true true false 19 Double 0 0,First,#,TazTagFinal,2017_2050_SEData_V2_3_24_2023.HU_50,-1,-1;HH_17 "HH_17" true true false 19 Double 0 0,First,#,TazTagFinal,2017_2050_SEData_V2_3_24_2023.HH_17,-1,-1;HH_50 "HH_50" true true false 19 Double 0 0,First,#,TazTagFinal,2017_2050_SEData_V2_3_24_2023.HH_50,-1,-1;AUTO_17 "AUTO_17" true true false 19 Double 0 0,First,#,TazTagFinal,2017_2050_SEData_V2_3_24_2023.AUTO_17,-1,-1;AUTO_50 "AUTO_50" true true false 19 Double 0 0,First,#,TazTagFinal,2017_2050_SEData_V2_3_24_2023.AUTO_50,-1,-1;K12_17 "K12_17" true true false 19 Double 0 0,First,#,TazTagFinal,2017_2050_SEData_V2_3_24_2023.K12_17,-1,-1;K12_50 "K12_50" true true false 19 Double 0 0,First,#,TazTagFinal,2017_2050_SEData_V2_3_24_2023.K12_50,-1,-1;COL_17 "COL_17" true true false 19 Double 0 0,First,#,TazTagFinal,2017_2050_SEData_V2_3_24_2023.COL_17,-1,-1;COL_50 "COL_50" true true false 19 Double 0 0,First,#,TazTagFinal,2017_2050_SEData_V2_3_24_2023.COL_50,-1,-1;TOEMP_17 "TOEMP_17" true true false 19 Double 0 0,First,#,TazTagFinal,2017_2050_SEData_V2_3_24_2023.TOEMP_17,-1,-1;TOEMP_50 "TOEMP_50" true true false 19 Double 0 0,First,#,TazTagFinal,2017_2050_SEData_V2_3_24_2023.TOEMP_50,-1,-1;REEMP_17 "REEMP_17" true true false 19 Double 0 0,First,#,TazTagFinal,2017_2050_SEData_V2_3_24_2023.REEMP_17,-1,-1;REEMP_50 "REEMP_50" true true false 19 Double 0 0,First,#,TazTagFinal,2017_2050_SEData_V2_3_24_2023.REEMP_50,-1,-1;NREMP_17 "NREMP_17" true true false 19 Double 0 0,First,#,TazTagFinal,2017_2050_SEData_V2_3_24_2023.NREMP_17,-1,-1;NREMP_50 "NREMP_50" true true false 19 Double 0 0,First,#,TazTagFinal,2017_2050_SEData_V2_3_24_2023.NREMP_50,-1,-1;Redacted "Redacted" true true false 19 Double 0 0,First,#,TazTagFinal,2017_2050_SEData_V2_3_24_2023.Redacted,-1,-1" #</Process><Process ToolSource="c:\program files\arcgis\pro\Resources\ArcToolbox\toolboxes\Conversion Tools.tbx\ExportFeatures" Date="20230608" Time="111817">ExportFeatures TazTagSEData "C:\Users\egreenwell\OneDrive - PlanRVA\ScenarioPlanning\Greenwell_Final\TazTagSEData.shp" # NOT_USE_ALIAS "Model_TAZ "Model_TAZ" true true false 19 Double 0 0,First,#,TazTagSEData,Model_TAZ,-1,-1;Coun_Name "Coun_Name" true true false 254 Text 0 0,First,#,TazTagSEData,Coun_Name,0,254;MPO "MPO" true true false 254 Text 0 0,First,#,TazTagSEData,MPO,0,254;Acres "Acres" true true false 19 Double 0 0,First,#,TazTagSEData,Acres,-1,-1;Area_Type "Area_Type" true true false 10 Text 0 0,First,#,TazTagSEData,Area_Type,0,10;PDC "PDC" true true false 10 Text 0 0,First,#,TazTagSEData,PDC,0,10;TADCE "TADCE" true true false 8 Text 0 0,First,#,TazTagSEData,TADCE,0,8;Truck "Truck" true true false 10 Long 0 10,First,#,TazTagSEData,Truck,-1,-1;EJ_Index_1 "EJ_Index_1" true true false 19 Double 0 0,First,#,TazTagSEData,EJ_Index_1,-1,-1;RWSCSA "RWSCSA" true true false 10 Long 0 10,First,#,TazTagSEData,RWSCSA,-1,-1;Justice40 "Justice40" true true false 10 Long 0 10,First,#,TazTagSEData,Justice40,-1,-1;Rt33 "Rt33" true true false 10 Long 0 10,First,#,TazTagSEData,Rt33,-1,-1;Rt60 "Rt60" true true false 10 Long 0 10,First,#,TazTagSEData,Rt60,-1,-1;Rt250 "Rt250" true true false 10 Long 0 10,First,#,TazTagSEData,Rt250,-1,-1;Rt301 "Rt301" true true false 10 Long 0 10,First,#,TazTagSEData,Rt301,-1,-1;Rt360 "Rt360" true true false 10 Long 0 10,First,#,TazTagSEData,Rt360,-1,-1;Rt1 "Rt1" true true false 10 Long 0 10,First,#,TazTagSEData,Rt1,-1,-1;BIOL "BIOL" true true false 10 Long 0 10,First,#,TazTagSEData,BIOL,-1,-1;IFS "IFS" true true false 10 Long 0 10,First,#,TazTagSEData,IFS,-1,-1;InnerLpTAZ "InnerLpTAZ" true true false 10 Long 0 10,First,#,TazTagSEData,InnerLpTAZ,-1,-1;OuterLpTAZ "OuterLpTAZ" true true false 10 Long 0 10,First,#,TazTagSEData,OuterLpTAZ,-1,-1;OutOverlap "OutOverlap" true true false 10 Long 0 10,First,#,TazTagSEData,OutOverlap,-1,-1;VIOL "VIOL" true true false 10 Long 0 10,First,#,TazTagSEData,VIOL,-1,-1;AllCorrido "AllCorrido" true true false 10 Long 0 10,First,#,TazTagSEData,AllCorrido,-1,-1;Ashland "Ashland" true true false 10 Long 0 10,First,#,TazTagSEData,Ashland,-1,-1;CGC "CGC" true true false 10 Long 0 10,First,#,TazTagSEData,CGC,-1,-1;CommerceRd "CommerceRd" true true false 10 Long 0 10,First,#,TazTagSEData,CommerceRd,-1,-1;HGC "HGC" true true false 10 Long 0 10,First,#,TazTagSEData,HGC,-1,-1;KingsDom "KingsDom" true true false 10 Long 0 10,First,#,TazTagSEData,KingsDom,-1,-1;Mchnville "Mchnville" true true false 10 Long 0 10,First,#,TazTagSEData,Mchnville,-1,-1;Mdwville "Mdwville" true true false 10 Long 0 10,First,#,TazTagSEData,Mdwville,-1,-1;MidloEast "MidloEast" true true false 10 Long 0 10,First,#,TazTagSEData,MidloEast,-1,-1;MidloVlg "MidloVlg" true true false 10 Long 0 10,First,#,TazTagSEData,MidloVlg,-1,-1;MidloWest "MidloWest" true true false 10 Long 0 10,First,#,TazTagSEData,MidloWest,-1,-1;RichmCBD "RichmCBD" true true false 10 Long 0 10,First,#,TazTagSEData,RichmCBD,-1,-1;Sandston "Sandston" true true false 10 Long 0 10,First,#,TazTagSEData,Sandston,-1,-1;ShortPump "ShortPump" true true false 10 Long 0 10,First,#,TazTagSEData,ShortPump,-1,-1;StaplMill "StaplMill" true true false 10 Long 0 10,First,#,TazTagSEData,StaplMill,-1,-1;Stonebrdg "Stonebrdg" true true false 10 Long 0 10,First,#,TazTagSEData,Stonebrdg,-1,-1;SwiftCreek "SwiftCreek" true true false 10 Long 0 10,First,#,TazTagSEData,SwiftCreek,-1,-1;USDSC "USDSC" true true false 10 Long 0 10,First,#,TazTagSEData,USDSC,-1,-1;VACC "VACC" true true false 10 Long 0 10,First,#,TazTagSEData,VACC,-1,-1;VSU "VSU" true true false 10 Long 0 10,First,#,TazTagSEData,VSU,-1,-1;WestCreek "WestCreek" true true false 10 Long 0 10,First,#,TazTagSEData,WestCreek,-1,-1;Shape_Leng "Shape_Leng" true true false 19 Double 0 0,First,#,TazTagSEData,Shape_Leng,-1,-1;Shape_Area "Shape_Area" true true false 19 Double 0 0,First,#,TazTagSEData,Shape_Area,-1,-1;FID_ "FID_" true true false 9 Long 0 9,First,#,TazTagSEData,FID_,-1,-1;Model_TA_1 "Model_TA_1" true true false 19 Double 0 0,First,#,TazTagSEData,Model_TA_1,-1,-1;Coun_Nam_1 "Coun_Nam_1" true true false 254 Text 0 0,First,#,TazTagSEData,Coun_Nam_1,0,254;MPO_1 "MPO_1" true true false 254 Text 0 0,First,#,TazTagSEData,MPO_1,0,254;Acres_1 "Acres_1" true true false 19 Double 0 0,First,#,TazTagSEData,Acres_1,-1,-1;TAZ "TAZ" true true false 19 Double 0 0,First,#,TazTagSEData,TAZ,-1,-1;TOPOP_17 "TOPOP_17" true true false 19 Double 0 0,First,#,TazTagSEData,TOPOP_17,-1,-1;TOPOP_50 "TOPOP_50" true true false 19 Double 0 0,First,#,TazTagSEData,TOPOP_50,-1,-1;POPHH_17 "POPHH_17" true true false 19 Double 0 0,First,#,TazTagSEData,POPHH_17,-1,-1;POPHH_50 "POPHH_50" true true false 19 Double 0 0,First,#,TazTagSEData,POPHH_50,-1,-1;POPGQ_17 "POPGQ_17" true true false 19 Double 0 0,First,#,TazTagSEData,POPGQ_17,-1,-1;POPGQ_50 "POPGQ_50" true true false 19 Double 0 0,First,#,TazTagSEData,POPGQ_50,-1,-1;HU_17 "HU_17" true true false 19 Double 0 0,First,#,TazTagSEData,HU_17,-1,-1;HU_50 "HU_50" true true false 19 Double 0 0,First,#,TazTagSEData,HU_50,-1,-1;HH_17 "HH_17" true true false 19 Double 0 0,First,#,TazTagSEData,HH_17,-1,-1;HH_50 "HH_50" true true false 19 Double 0 0,First,#,TazTagSEData,HH_50,-1,-1;AUTO_17 "AUTO_17" true true false 19 Double 0 0,First,#,TazTagSEData,AUTO_17,-1,-1;AUTO_50 "AUTO_50" true true false 19 Double 0 0,First,#,TazTagSEData,AUTO_50,-1,-1;K12_17 "K12_17" true true false 19 Double 0 0,First,#,TazTagSEData,K12_17,-1,-1;K12_50 "K12_50" true true false 19 Double 0 0,First,#,TazTagSEData,K12_50,-1,-1;COL_17 "COL_17" true true false 19 Double 0 0,First,#,TazTagSEData,COL_17,-1,-1;COL_50 "COL_50" true true false 19 Double 0 0,First,#,TazTagSEData,COL_50,-1,-1;TOEMP_17 "TOEMP_17" true true false 19 Double 0 0,First,#,TazTagSEData,TOEMP_17,-1,-1;TOEMP_50 "TOEMP_50" true true false 19 Double 0 0,First,#,TazTagSEData,TOEMP_50,-1,-1;REEMP_17 "REEMP_17" true true false 19 Double 0 0,First,#,TazTagSEData,REEMP_17,-1,-1;REEMP_50 "REEMP_50" true true false 19 Double 0 0,First,#,TazTagSEData,REEMP_50,-1,-1;NREMP_17 "NREMP_17" true true false 19 Double 0 0,First,#,TazTagSEData,NREMP_17,-1,-1;NREMP_50 "NREMP_50" true true false 19 Double 0 0,First,#,TazTagSEData,NREMP_50,-1,-1;Redacted "Redacted" true true false 19 Double 0 0,First,#,TazTagSEData,Redacted,-1,-1" #</Process><Process ToolSource="c:\program files\arcgis\pro\Resources\ArcToolbox\toolboxes\Conversion Tools.tbx\ExportFeatures" Date="20230726" Time="120055">ExportFeatures TazTagSEData "C:\Users\egreenwell\OneDrive - PlanRVA\ScenarioPlanning\ResiliencyModel\FinalData\TazSEData.shp" # NOT_USE_ALIAS "Model_TAZ "Model_TAZ" true true false 19 Double 0 0,First,#,TazTagSEData,Model_TAZ,-1,-1;Coun_Name "Coun_Name" true true false 254 Text 0 0,First,#,TazTagSEData,Coun_Name,0,254;MPO "MPO" true true false 254 Text 0 0,First,#,TazTagSEData,MPO,0,254;Acres "Acres" true true false 19 Double 0 0,First,#,TazTagSEData,Acres,-1,-1;Area_Type "Area_Type" true true false 10 Text 0 0,First,#,TazTagSEData,Area_Type,0,10;PDC "PDC" true true false 10 Text 0 0,First,#,TazTagSEData,PDC,0,10;TADCE "TADCE" true true false 8 Text 0 0,First,#,TazTagSEData,TADCE,0,8;Truck "Truck" true true false 10 Long 0 10,First,#,TazTagSEData,Truck,-1,-1;EJ_Index_1 "EJ_Index_1" true true false 19 Double 0 0,First,#,TazTagSEData,EJ_Index_1,-1,-1;RWSCSA "RWSCSA" true true false 10 Long 0 10,First,#,TazTagSEData,RWSCSA,-1,-1;Justice40 "Justice40" true true false 10 Long 0 10,First,#,TazTagSEData,Justice40,-1,-1;Rt33 "Rt33" true true false 10 Long 0 10,First,#,TazTagSEData,Rt33,-1,-1;Rt60 "Rt60" true true false 10 Long 0 10,First,#,TazTagSEData,Rt60,-1,-1;Rt250 "Rt250" true true false 10 Long 0 10,First,#,TazTagSEData,Rt250,-1,-1;Rt301 "Rt301" true true false 10 Long 0 10,First,#,TazTagSEData,Rt301,-1,-1;Rt360 "Rt360" true true false 10 Long 0 10,First,#,TazTagSEData,Rt360,-1,-1;Rt1 "Rt1" true true false 10 Long 0 10,First,#,TazTagSEData,Rt1,-1,-1;BIOL "BIOL" true true false 10 Long 0 10,First,#,TazTagSEData,BIOL,-1,-1;IFS "IFS" true true false 10 Long 0 10,First,#,TazTagSEData,IFS,-1,-1;InnerLpTAZ "InnerLpTAZ" true true false 10 Long 0 10,First,#,TazTagSEData,InnerLpTAZ,-1,-1;OuterLpTAZ "OuterLpTAZ" true true false 10 Long 0 10,First,#,TazTagSEData,OuterLpTAZ,-1,-1;OutOverlap "OutOverlap" true true false 10 Long 0 10,First,#,TazTagSEData,OutOverlap,-1,-1;VIOL "VIOL" true true false 10 Long 0 10,First,#,TazTagSEData,VIOL,-1,-1;AllCorrido "AllCorrido" true true false 10 Long 0 10,First,#,TazTagSEData,AllCorrido,-1,-1;Ashland "Ashland" true true false 10 Long 0 10,First,#,TazTagSEData,Ashland,-1,-1;CGC "CGC" true true false 10 Long 0 10,First,#,TazTagSEData,CGC,-1,-1;CommerceRd "CommerceRd" true true false 10 Long 0 10,First,#,TazTagSEData,CommerceRd,-1,-1;HGC "HGC" true true false 10 Long 0 10,First,#,TazTagSEData,HGC,-1,-1;KingsDom "KingsDom" true true false 10 Long 0 10,First,#,TazTagSEData,KingsDom,-1,-1;Mchnville "Mchnville" true true false 10 Long 0 10,First,#,TazTagSEData,Mchnville,-1,-1;Mdwville "Mdwville" true true false 10 Long 0 10,First,#,TazTagSEData,Mdwville,-1,-1;MidloEast "MidloEast" true true false 10 Long 0 10,First,#,TazTagSEData,MidloEast,-1,-1;MidloVlg "MidloVlg" true true false 10 Long 0 10,First,#,TazTagSEData,MidloVlg,-1,-1;MidloWest "MidloWest" true true false 10 Long 0 10,First,#,TazTagSEData,MidloWest,-1,-1;RichmCBD "RichmCBD" true true false 10 Long 0 10,First,#,TazTagSEData,RichmCBD,-1,-1;Sandston "Sandston" true true false 10 Long 0 10,First,#,TazTagSEData,Sandston,-1,-1;ShortPump "ShortPump" true true false 10 Long 0 10,First,#,TazTagSEData,ShortPump,-1,-1;StaplMill "StaplMill" true true false 10 Long 0 10,First,#,TazTagSEData,StaplMill,-1,-1;Stonebrdg "Stonebrdg" true true false 10 Long 0 10,First,#,TazTagSEData,Stonebrdg,-1,-1;SwiftCreek "SwiftCreek" true true false 10 Long 0 10,First,#,TazTagSEData,SwiftCreek,-1,-1;USDSC "USDSC" true true false 10 Long 0 10,First,#,TazTagSEData,USDSC,-1,-1;VACC "VACC" true true false 10 Long 0 10,First,#,TazTagSEData,VACC,-1,-1;VSU "VSU" true true false 10 Long 0 10,First,#,TazTagSEData,VSU,-1,-1;WestCreek "WestCreek" true true false 10 Long 0 10,First,#,TazTagSEData,WestCreek,-1,-1;Shape_Leng "Shape_Leng" true true false 19 Double 0 0,First,#,TazTagSEData,Shape_Leng,-1,-1;Shape_Area "Shape_Area" true true false 19 Double 0 0,First,#,TazTagSEData,Shape_Area,-1,-1;FID_ "FID_" true true false 9 Long 0 9,First,#,TazTagSEData,FID_,-1,-1;Model_TA_1 "Model_TA_1" true true false 19 Double 0 0,First,#,TazTagSEData,Model_TA_1,-1,-1;Coun_Nam_1 "Coun_Nam_1" true true false 254 Text 0 0,First,#,TazTagSEData,Coun_Nam_1,0,254;MPO_1 "MPO_1" true true false 254 Text 0 0,First,#,TazTagSEData,MPO_1,0,254;Acres_1 "Acres_1" true true false 19 Double 0 0,First,#,TazTagSEData,Acres_1,-1,-1;TAZ "TAZ" true true false 19 Double 0 0,First,#,TazTagSEData,TAZ,-1,-1;TOPOP_17 "TOPOP_17" true true false 19 Double 0 0,First,#,TazTagSEData,TOPOP_17,-1,-1;TOPOP_50 "TOPOP_50" true true false 19 Double 0 0,First,#,TazTagSEData,TOPOP_50,-1,-1;POPHH_17 "POPHH_17" true true false 19 Double 0 0,First,#,TazTagSEData,POPHH_17,-1,-1;POPHH_50 "POPHH_50" true true false 19 Double 0 0,First,#,TazTagSEData,POPHH_50,-1,-1;POPGQ_17 "POPGQ_17" true true false 19 Double 0 0,First,#,TazTagSEData,POPGQ_17,-1,-1;POPGQ_50 "POPGQ_50" true true false 19 Double 0 0,First,#,TazTagSEData,POPGQ_50,-1,-1;HU_17 "HU_17" true true false 19 Double 0 0,First,#,TazTagSEData,HU_17,-1,-1;HU_50 "HU_50" true true false 19 Double 0 0,First,#,TazTagSEData,HU_50,-1,-1;HH_17 "HH_17" true true false 19 Double 0 0,First,#,TazTagSEData,HH_17,-1,-1;HH_50 "HH_50" true true false 19 Double 0 0,First,#,TazTagSEData,HH_50,-1,-1;AUTO_17 "AUTO_17" true true false 19 Double 0 0,First,#,TazTagSEData,AUTO_17,-1,-1;AUTO_50 "AUTO_50" true true false 19 Double 0 0,First,#,TazTagSEData,AUTO_50,-1,-1;K12_17 "K12_17" true true false 19 Double 0 0,First,#,TazTagSEData,K12_17,-1,-1;K12_50 "K12_50" true true false 19 Double 0 0,First,#,TazTagSEData,K12_50,-1,-1;COL_17 "COL_17" true true false 19 Double 0 0,First,#,TazTagSEData,COL_17,-1,-1;COL_50 "COL_50" true true false 19 Double 0 0,First,#,TazTagSEData,COL_50,-1,-1;TOEMP_17 "TOEMP_17" true true false 19 Double 0 0,First,#,TazTagSEData,TOEMP_17,-1,-1;TOEMP_50 "TOEMP_50" true true false 19 Double 0 0,First,#,TazTagSEData,TOEMP_50,-1,-1;REEMP_17 "REEMP_17" true true false 19 Double 0 0,First,#,TazTagSEData,REEMP_17,-1,-1;REEMP_50 "REEMP_50" true true false 19 Double 0 0,First,#,TazTagSEData,REEMP_50,-1,-1;NREMP_17 "NREMP_17" true true false 19 Double 0 0,First,#,TazTagSEData,NREMP_17,-1,-1;NREMP_50 "NREMP_50" true true false 19 Double 0 0,First,#,TazTagSEData,NREMP_50,-1,-1;Redacted "Redacted" true true false 19 Double 0 0,First,#,TazTagSEData,Redacted,-1,-1" #</Process><Process ToolSource="c:\program files\arcgis\pro\Resources\ArcToolbox\toolboxes\Data Management Tools.tbx\DeleteField" Date="20230726" Time="120127">DeleteField TazSEData Truck;EJ_Index_1;RWSCSA;Justice40;Rt33;Rt60;Rt250;Rt301;Rt360;Rt1;BIOL;IFS;InnerLpTAZ;OuterLpTAZ;OutOverlap;VIOL;AllCorrido;Ashland;CGC;CommerceRd;HGC "Delete Fields"</Process><Process ToolSource="c:\program files\arcgis\pro\Resources\ArcToolbox\toolboxes\Data Management Tools.tbx\DeleteField" Date="20230726" Time="120143">DeleteField TazSEData MidloWest;RichmCBD;Sandston;ShortPump;StaplMill;Stonebrdg;SwiftCreek;USDSC;VACC;VSU;WestCreek "Delete Fields"</Process><Process ToolSource="c:\program files\arcgis\pro\Resources\ArcToolbox\toolboxes\Data Management Tools.tbx\DeleteField" Date="20230726" Time="120153">DeleteField TazSEData KingsDom;Mchnville;Mdwville;MidloEast;MidloVlg "Delete Fields"</Process><Process ToolSource="c:\program files\arcgis\pro\Resources\ArcToolbox\toolboxes\Conversion Tools.tbx\ExportFeatures" Date="20230727" Time="111614">ExportFeatures TazSEData "C:\Users\egreenwell\OneDrive - PlanRVA\ScenarioPlanning\ResiliencyModel\ModelWork\ModelWork.gdb\ModelTaz" # NOT_USE_ALIAS "Model_TAZ "Model_TAZ" true true false 19 Double 0 0,First,#,TazSEData,TazSEData.Model_TAZ,-1,-1;Coun_Name "Coun_Name" true true false 254 Text 0 0,First,#,TazSEData,TazSEData.Coun_Name,0,254;MPO "MPO" true true false 254 Text 0 0,First,#,TazSEData,TazSEData.MPO,0,254;Acres "Acres" true true false 19 Double 0 0,First,#,TazSEData,TazSEData.Acres,-1,-1;Area_Type "Area_Type" true true false 10 Text 0 0,First,#,TazSEData,TazSEData.Area_Type,0,10;PDC "PDC" true true false 10 Text 0 0,First,#,TazSEData,TazSEData.PDC,0,10;TADCE "TADCE" true true false 8 Text 0 0,First,#,TazSEData,TazSEData.TADCE,0,8;Shape_Leng "Shape_Leng" true true false 19 Double 0 0,First,#,TazSEData,TazSEData.Shape_Leng,-1,-1;Shape_Area "Shape_Area" true true false 19 Double 0 0,First,#,TazSEData,TazSEData.Shape_Area,-1,-1;FID_ "FID_" true true false 9 Long 0 9,First,#,TazSEData,TazSEData.FID_,-1,-1;Model_TA_1 "Model_TA_1" true true false 19 Double 0 0,First,#,TazSEData,TazSEData.Model_TA_1,-1,-1;Coun_Nam_1 "Coun_Nam_1" true true false 254 Text 0 0,First,#,TazSEData,TazSEData.Coun_Nam_1,0,254;MPO_1 "MPO_1" true true false 254 Text 0 0,First,#,TazSEData,TazSEData.MPO_1,0,254;Acres_1 "Acres_1" true true false 19 Double 0 0,First,#,TazSEData,TazSEData.Acres_1,-1,-1;TAZ "TAZ" true true false 19 Double 0 0,First,#,TazSEData,TazSEData.TAZ,-1,-1;TOPOP_17 "TOPOP_17" true true false 19 Double 0 0,First,#,TazSEData,TazSEData.TOPOP_17,-1,-1;TOPOP_50 "TOPOP_50" true true false 19 Double 0 0,First,#,TazSEData,TazSEData.TOPOP_50,-1,-1;POPHH_17 "POPHH_17" true true false 19 Double 0 0,First,#,TazSEData,TazSEData.POPHH_17,-1,-1;POPHH_50 "POPHH_50" true true false 19 Double 0 0,First,#,TazSEData,TazSEData.POPHH_50,-1,-1;POPGQ_17 "POPGQ_17" true true false 19 Double 0 0,First,#,TazSEData,TazSEData.POPGQ_17,-1,-1;POPGQ_50 "POPGQ_50" true true false 19 Double 0 0,First,#,TazSEData,TazSEData.POPGQ_50,-1,-1;HU_17 "HU_17" true true false 19 Double 0 0,First,#,TazSEData,TazSEData.HU_17,-1,-1;HU_50 "HU_50" true true false 19 Double 0 0,First,#,TazSEData,TazSEData.HU_50,-1,-1;HH_17 "HH_17" true true false 19 Double 0 0,First,#,TazSEData,TazSEData.HH_17,-1,-1;HH_50 "HH_50" true true false 19 Double 0 0,First,#,TazSEData,TazSEData.HH_50,-1,-1;AUTO_17 "AUTO_17" true true false 19 Double 0 0,First,#,TazSEData,TazSEData.AUTO_17,-1,-1;AUTO_50 "AUTO_50" true true false 19 Double 0 0,First,#,TazSEData,TazSEData.AUTO_50,-1,-1;K12_17 "K12_17" true true false 19 Double 0 0,First,#,TazSEData,TazSEData.K12_17,-1,-1;K12_50 "K12_50" true true false 19 Double 0 0,First,#,TazSEData,TazSEData.K12_50,-1,-1;COL_17 "COL_17" true true false 19 Double 0 0,First,#,TazSEData,TazSEData.COL_17,-1,-1;COL_50 "COL_50" true true false 19 Double 0 0,First,#,TazSEData,TazSEData.COL_50,-1,-1;TOEMP_17 "TOEMP_17" true true false 19 Double 0 0,First,#,TazSEData,TazSEData.TOEMP_17,-1,-1;TOEMP_50 "TOEMP_50" true true false 19 Double 0 0,First,#,TazSEData,TazSEData.TOEMP_50,-1,-1;REEMP_17 "REEMP_17" true true false 19 Double 0 0,First,#,TazSEData,TazSEData.REEMP_17,-1,-1;REEMP_50 "REEMP_50" true true false 19 Double 0 0,First,#,TazSEData,TazSEData.REEMP_50,-1,-1;NREMP_17 "NREMP_17" true true false 19 Double 0 0,First,#,TazSEData,TazSEData.NREMP_17,-1,-1;NREMP_50 "NREMP_50" true true false 19 Double 0 0,First,#,TazSEData,TazSEData.NREMP_50,-1,-1;Redacted "Redacted" true true false 19 Double 0 0,First,#,TazSEData,TazSEData.Redacted,-1,-1;FID "FID" false true false 4 Long 0 9,First,#,TazSEData,TAZ_By_LU.FID,-1,-1;COUN_NAME "COUN_NAME" true true false 254 Text 0 0,First,#,TazSEData,TAZ_By_LU.COUN_NAME,0,254;MPO "MPO" true true false 254 Text 0 0,First,#,TazSEData,TAZ_By_LU.MPO,0,254;TAZ "TAZ" true true false 50 Text 0 0,First,#,TazSEData,TAZ_By_LU.TAZ,0,50;L_D_RE "L_D_RE" true true false 19 Double 0 0,First,#,TazSEData,TAZ_By_LU.L_D_RE,-1,-1;M_D_RE_SF "M_D_RE_SF" true true false 19 Double 0 0,First,#,TazSEData,TAZ_By_LU.M_D_RE_SF,-1,-1;M_D_RE_MF "M_D_RE_MF" true true false 19 Double 0 0,First,#,TazSEData,TAZ_By_LU.M_D_RE_MF,-1,-1;H_D_RE "H_D_RE" true true false 19 Double 0 0,First,#,TazSEData,TAZ_By_LU.H_D_RE,-1,-1;MU "MU" true true false 19 Double 0 0,First,#,TazSEData,TAZ_By_LU.MU,-1,-1;COM "COM" true true false 19 Double 0 0,First,#,TazSEData,TAZ_By_LU.COM,-1,-1;INS "INS" true true false 19 Double 0 0,First,#,TazSEData,TAZ_By_LU.INS,-1,-1;OF "OF" true true false 19 Double 0 0,First,#,TazSEData,TAZ_By_LU.OF,-1,-1;IND "IND" true true false 19 Double 0 0,First,#,TazSEData,TAZ_By_LU.IND,-1,-1;Other "Other" true true false 254 Text 0 0,First,#,TazSEData,TAZ_By_LU.Other,0,254;AG "AG" true true false 254 Text 0 0,First,#,TazSEData,TAZ_By_LU.AG,0,254;FO "FO" true true false 19 Double 0 0,First,#,TazSEData,TAZ_By_LU.FO,-1,-1;PA "PA" true true false 19 Double 0 0,First,#,TazSEData,TAZ_By_LU.PA,-1,-1;Parcel_ACR "Parcel_ACR" true true false 19 Double 0 0,First,#,TazSEData,TAZ_By_LU.Parcel_ACR,-1,-1;ACRES "ACRES" true true false 19 Double 0 0,First,#,TazSEData,TAZ_By_LU.ACRES,-1,-1;Floodplain "Floodplain" true true false 10 Long 0 10,First,#,TazSEData,TAZ_By_LU.Floodplain,-1,-1;Field "Field" true true false 10 Long 0 10,First,#,TazSEData,TAZ_By_LU.Field,-1,-1" #</Process><Process ToolSource="c:\program files\arcgis\pro\Resources\ArcToolbox\toolboxes\Data Management Tools.tbx\DeleteField" Date="20230727" Time="113309">DeleteField ModelTaz Model_TA_1;Coun_Nam_1 "Delete Fields"</Process><Process ToolSource="c:\program files\arcgis\pro\Resources\ArcToolbox\toolboxes\Data Management Tools.tbx\DeleteField" Date="20230727" Time="113327">DeleteField ModelTaz Acres_1;TAZ "Delete Fields"</Process><Process ToolSource="c:\program files\arcgis\pro\Resources\ArcToolbox\toolboxes\Data Management Tools.tbx\DeleteField" Date="20230727" Time="113341">DeleteField ModelTaz FID_1;COUN_NAME_1;MPO_12;TAZ_1 "Delete Fields"</Process><Process ToolSource="c:\program files\arcgis\pro\Resources\ArcToolbox\toolboxes\Data Management Tools.tbx\DeleteField" Date="20230727" Time="113414">DeleteField ModelTaz ACRES_12;Floodplain;Field "Delete Fields"</Process><Process ToolSource="c:\program files\arcgis\pro\Resources\ArcToolbox\toolboxes\Data Management Tools.tbx\DeleteField" Date="20230727" Time="113430">DeleteField ModelTaz Shape_Leng "Delete Fields"</Process><Process ToolSource="c:\program files\arcgis\pro\Resources\ArcToolbox\toolboxes\Conversion Tools.tbx\ExportFeatures" Date="20230727" Time="113500">ExportFeatures ModelTaz "C:\Users\egreenwell\OneDrive - PlanRVA\ScenarioPlanning\ResiliencyModel\FinalData\ModelTaz.shp" # NOT_USE_ALIAS "FID_ "FID_" true true false 4 Long 0 0,First,#,ModelTaz,FID_,-1,-1;Model_TAZ "Model_TAZ" true true false 8 Double 0 0,First,#,ModelTaz,Model_TAZ,-1,-1;Coun_Name "Coun_Name" true true false 254 Text 0 0,First,#,ModelTaz,Coun_Name,0,254;MPO "MPO" true true false 254 Text 0 0,First,#,ModelTaz,MPO,0,254;Acres "Acres" true true false 8 Double 0 0,First,#,ModelTaz,Acres,-1,-1;Area_Type "Area_Type" true true false 10 Text 0 0,First,#,ModelTaz,Area_Type,0,10;PDC "PDC" true true false 10 Text 0 0,First,#,ModelTaz,PDC,0,10;TADCE "TADCE" true true false 8 Text 0 0,First,#,ModelTaz,TADCE,0,8;MPO_1 "MPO_1" true true false 254 Text 0 0,First,#,ModelTaz,MPO_1,0,254;TOPOP_17 "TOPOP_17" true true false 8 Double 0 0,First,#,ModelTaz,TOPOP_17,-1,-1;TOPOP_50 "TOPOP_50" true true false 8 Double 0 0,First,#,ModelTaz,TOPOP_50,-1,-1;POPHH_17 "POPHH_17" true true false 8 Double 0 0,First,#,ModelTaz,POPHH_17,-1,-1;POPHH_50 "POPHH_50" true true false 8 Double 0 0,First,#,ModelTaz,POPHH_50,-1,-1;POPGQ_17 "POPGQ_17" true true false 8 Double 0 0,First,#,ModelTaz,POPGQ_17,-1,-1;POPGQ_50 "POPGQ_50" true true false 8 Double 0 0,First,#,ModelTaz,POPGQ_50,-1,-1;HU_17 "HU_17" true true false 8 Double 0 0,First,#,ModelTaz,HU_17,-1,-1;HU_50 "HU_50" true true false 8 Double 0 0,First,#,ModelTaz,HU_50,-1,-1;HH_17 "HH_17" true true false 8 Double 0 0,First,#,ModelTaz,HH_17,-1,-1;HH_50 "HH_50" true true false 8 Double 0 0,First,#,ModelTaz,HH_50,-1,-1;AUTO_17 "AUTO_17" true true false 8 Double 0 0,First,#,ModelTaz,AUTO_17,-1,-1;AUTO_50 "AUTO_50" true true false 8 Double 0 0,First,#,ModelTaz,AUTO_50,-1,-1;K12_17 "K12_17" true true false 8 Double 0 0,First,#,ModelTaz,K12_17,-1,-1;K12_50 "K12_50" true true false 8 Double 0 0,First,#,ModelTaz,K12_50,-1,-1;COL_17 "COL_17" true true false 8 Double 0 0,First,#,ModelTaz,COL_17,-1,-1;COL_50 "COL_50" true true false 8 Double 0 0,First,#,ModelTaz,COL_50,-1,-1;TOEMP_17 "TOEMP_17" true true false 8 Double 0 0,First,#,ModelTaz,TOEMP_17,-1,-1;TOEMP_50 "TOEMP_50" true true false 8 Double 0 0,First,#,ModelTaz,TOEMP_50,-1,-1;REEMP_17 "REEMP_17" true true false 8 Double 0 0,First,#,ModelTaz,REEMP_17,-1,-1;REEMP_50 "REEMP_50" true true false 8 Double 0 0,First,#,ModelTaz,REEMP_50,-1,-1;NREMP_17 "NREMP_17" true true false 8 Double 0 0,First,#,ModelTaz,NREMP_17,-1,-1;NREMP_50 "NREMP_50" true true false 8 Double 0 0,First,#,ModelTaz,NREMP_50,-1,-1;Redacted "Redacted" true true false 8 Double 0 0,First,#,ModelTaz,Redacted,-1,-1;L_D_RE "L_D_RE" true true false 8 Double 0 0,First,#,ModelTaz,L_D_RE,-1,-1;M_D_RE_SF "M_D_RE_SF" true true false 8 Double 0 0,First,#,ModelTaz,M_D_RE_SF,-1,-1;M_D_RE_MF "M_D_RE_MF" true true false 8 Double 0 0,First,#,ModelTaz,M_D_RE_MF,-1,-1;H_D_RE "H_D_RE" true true false 8 Double 0 0,First,#,ModelTaz,H_D_RE,-1,-1;MU "MU" true true false 8 Double 0 0,First,#,ModelTaz,MU,-1,-1;COM "COM" true true false 8 Double 0 0,First,#,ModelTaz,COM,-1,-1;INS "INS" true true false 8 Double 0 0,First,#,ModelTaz,INS,-1,-1;OF "OF" true true false 8 Double 0 0,First,#,ModelTaz,OF,-1,-1;IND "IND" true true false 8 Double 0 0,First,#,ModelTaz,IND,-1,-1;Other "Other" true true false 254 Text 0 0,First,#,ModelTaz,Other,0,254;AG "AG" true true false 254 Text 0 0,First,#,ModelTaz,AG,0,254;FO "FO" true true false 8 Double 0 0,First,#,ModelTaz,FO,-1,-1;PA "PA" true true false 8 Double 0 0,First,#,ModelTaz,PA,-1,-1;Parcel_ACR "Parcel_ACR" true true false 8 Double 0 0,First,#,ModelTaz,Parcel_ACR,-1,-1;Shape_Length "Shape_Length" false true true 8 Double 0 0,First,#,ModelTaz,Shape_Length,-1,-1;Shape_Area "Shape_Area" false true true 8 Double 0 0,First,#,ModelTaz,Shape_Area,-1,-1" #</Process></lineage><itemProps><itemName Sync="TRUE">ModelTaz</itemName><imsContentType Sync="TRUE">002</imsContentType><itemSize Sync="TRUE">0.000</itemSize><itemLocation><linkage Sync="TRUE">file://\\DESKTOP-02B9VHM\C$\Users\egreenwell\OneDrive - PlanRVA\ScenarioPlanning\ResiliencyModel\FinalData\ModelTaz.shp</linkage><protocol Sync="TRUE">Local Area Network</protocol></itemLocation></itemProps><coordRef><type Sync="TRUE">Projected</type><geogcsn Sync="TRUE">GCS_North_American_1983</geogcsn><csUnits Sync="TRUE">Linear Unit: Foot_US (0.304801)</csUnits><projcsn Sync="TRUE">NAD_1983_StatePlane_Virginia_South_FIPS_4502_Feet</projcsn><peXml Sync="TRUE">&lt;ProjectedCoordinateSystem xsi:type='typens:ProjectedCoordinateSystem' xmlns:xsi='http://www.w3.org/2001/XMLSchema-instance' xmlns:xs='http://www.w3.org/2001/XMLSchema' xmlns:typens='http://www.esri.com/schemas/ArcGIS/3.1.0'&gt;&lt;WKT&gt;PROJCS[&amp;quot;NAD_1983_StatePlane_Virginia_South_FIPS_4502_Feet&amp;quot;,GEOGCS[&amp;quot;GCS_North_American_1983&amp;quot;,DATUM[&amp;quot;D_North_American_1983&amp;quot;,SPHEROID[&amp;quot;GRS_1980&amp;quot;,6378137.0,298.257222101]],PRIMEM[&amp;quot;Greenwich&amp;quot;,0.0],UNIT[&amp;quot;Degree&amp;quot;,0.0174532925199433]],PROJECTION[&amp;quot;Lambert_Conformal_Conic&amp;quot;],PARAMETER[&amp;quot;False_Easting&amp;quot;,11482916.66666666],PARAMETER[&amp;quot;False_Northing&amp;quot;,3280833.333333333],PARAMETER[&amp;quot;Central_Meridian&amp;quot;,-78.5],PARAMETER[&amp;quot;Standard_Parallel_1&amp;quot;,36.76666666666667],PARAMETER[&amp;quot;Standard_Parallel_2&amp;quot;,37.96666666666667],PARAMETER[&amp;quot;Latitude_Of_Origin&amp;quot;,36.33333333333334],UNIT[&amp;quot;Foot_US&amp;quot;,0.3048006096012192],AUTHORITY[&amp;quot;EPSG&amp;quot;,2284]]&lt;/WKT&gt;&lt;XOrigin&gt;-111140600&lt;/XOrigin&gt;&lt;YOrigin&gt;-91532100&lt;/YOrigin&gt;&lt;XYScale&gt;36727036.750856541&lt;/XYScale&gt;&lt;ZOrigin&gt;-100000&lt;/ZOrigin&gt;&lt;ZScale&gt;10000&lt;/ZScale&gt;&lt;MOrigin&gt;-100000&lt;/MOrigin&gt;&lt;MScale&gt;10000&lt;/MScale&gt;&lt;XYTolerance&gt;0.0032808333333333331&lt;/XYTolerance&gt;&lt;ZTolerance&gt;0.001&lt;/ZTolerance&gt;&lt;MTolerance&gt;0.001&lt;/MTolerance&gt;&lt;HighPrecision&gt;true&lt;/HighPrecision&gt;&lt;WKID&gt;102747&lt;/WKID&gt;&lt;LatestWKID&gt;2284&lt;/LatestWKID&gt;&lt;/ProjectedCoordinateSystem&gt;</peXml></coordRef></DataProperties><SyncDate>20230727</SyncDate><SyncTime>11350000</SyncTime><ModDate>20230727</ModDate><ModTime>11350000</ModTime></Esri><dataIdInfo><envirDesc Sync="TRUE">Microsoft Windows 10 Version 10.0 (Build 22621) ; Esri ArcGIS 13.1.0.41833</envirDesc><dataLang><languageCode value="eng" Sync="TRUE"></languageCode><countryCode value="USA" Sync="TRUE"></countryCode></dataLang><idCitation><resTitle Sync="TRUE">ModelTaz</resTitle><presForm><PresFormCd value="005" Sync="TRUE"></PresFormCd></presForm></idCitation><spatRpType><SpatRepTypCd value="001" Sync="TRUE"></SpatRepTypCd></spatRpType></dataIdInfo><mdLang><languageCode value="eng" Sync="TRUE"></languageCode><countryCode value="USA" Sync="TRUE"></countryCode></mdLang><distInfo><distFormat><formatName Sync="TRUE">Shapefile</formatName></distFormat><distTranOps><transSize Sync="TRUE">0.000</transSize></distTranOps></distInfo><mdHrLv><ScopeCd value="005" Sync="TRUE"></ScopeCd></mdHrLv><mdHrLvName Sync="TRUE">dataset</mdHrLvName><refSysInfo><RefSystem><refSysID><identCode code="2284" Sync="TRUE"></identCode><idCodeSpace Sync="TRUE">EPSG</idCodeSpace><idVersion Sync="TRUE">5.3(9.0.0)</idVersion></refSysID></RefSystem></refSysInfo><spatRepInfo><VectSpatRep><geometObjs Name="ModelTaz"><geoObjTyp><GeoObjTypCd value="002" Sync="TRUE"></GeoObjTypCd></geoObjTyp><geoObjCnt Sync="TRUE">0</geoObjCnt></geometObjs><topLvl><TopoLevCd value="001" Sync="TRUE"></TopoLevCd></topLvl></VectSpatRep></spatRepInfo><spdoinfo><ptvctinf><esriterm Name="ModelTaz"><efeatyp Sync="TRUE">Simple</efeatyp><efeageom code="4" Sync="TRUE"></efeageom><esritopo Sync="TRUE">FALSE</esritopo><efeacnt Sync="TRUE">0</efeacnt><spindex Sync="TRUE">FALSE</spindex><linrefer Sync="TRUE">FALSE</linrefer></esriterm></ptvctinf></spdoinfo><eainfo><detailed Name="ModelTaz"><enttyp><enttypl Sync="TRUE">ModelTaz</enttypl><enttypt Sync="TRUE">Feature Class</enttypt><enttypc Sync="TRUE">0</enttypc></enttyp><attr><attrlabl Sync="TRUE">FID</attrlabl><attalias Sync="TRUE">FID</attalias><attrtype Sync="TRUE">OID</attrtype><attwidth Sync="TRUE">4</attwidth><atprecis Sync="TRUE">0</atprecis><attscale Sync="TRUE">0</attscale><attrdef Sync="TRUE">Internal feature number.</attrdef><attrdefs Sync="TRUE">Esri</attrdefs><attrdomv><udom Sync="TRUE">Sequential unique whole numbers that are automatically generated.</udom></attrdomv></attr><attr><attrlabl Sync="TRUE">Shape</attrlabl><attalias Sync="TRUE">Shape</attalias><attrtype Sync="TRUE">Geometry</attrtype><attwidth Sync="TRUE">0</attwidth><atprecis Sync="TRUE">0</atprecis><attscale Sync="TRUE">0</attscale><attrdef Sync="TRUE">Feature geometry.</attrdef><attrdefs Sync="TRUE">Esri</attrdefs><attrdomv><udom Sync="TRUE">Coordinates defining the features.</udom></attrdomv></attr><attr><attrlabl Sync="TRUE">Model_TAZ</attrlabl><attalias Sync="TRUE">Model_TAZ</attalias><attrtype Sync="TRUE">Double</attrtype><attwidth Sync="TRUE">19</attwidth><atprecis Sync="TRUE">0</atprecis><attscale Sync="TRUE">0</attscale></attr><attr><attrlabl Sync="TRUE">Coun_Name</attrlabl><attalias Sync="TRUE">Coun_Name</attalias><attrtype Sync="TRUE">String</attrtype><attwidth Sync="TRUE">254</attwidth><atprecis Sync="TRUE">0</atprecis><attscale Sync="TRUE">0</attscale></attr><attr><attrlabl Sync="TRUE">MPO</attrlabl><attalias Sync="TRUE">MPO</attalias><attrtype Sync="TRUE">String</attrtype><attwidth Sync="TRUE">254</attwidth><atprecis Sync="TRUE">0</atprecis><attscale Sync="TRUE">0</attscale></attr><attr><attrlabl Sync="TRUE">Acres</attrlabl><attalias Sync="TRUE">Acres</attalias><attrtype Sync="TRUE">Double</attrtype><attwidth Sync="TRUE">19</attwidth><atprecis Sync="TRUE">0</atprecis><attscale Sync="TRUE">0</attscale></attr><attr><attrlabl Sync="TRUE">Area_Type</attrlabl><attalias Sync="TRUE">Area_Type</attalias><attrtype Sync="TRUE">String</attrtype><attwidth Sync="TRUE">10</attwidth><atprecis Sync="TRUE">0</atprecis><attscale Sync="TRUE">0</attscale></attr><attr><attrlabl Sync="TRUE">PDC</attrlabl><attalias Sync="TRUE">PDC</attalias><attrtype Sync="TRUE">String</attrtype><attwidth Sync="TRUE">10</attwidth><atprecis Sync="TRUE">0</atprecis><attscale Sync="TRUE">0</attscale></attr><attr><attrlabl Sync="TRUE">TADCE</attrlabl><attalias Sync="TRUE">TADCE</attalias><attrtype Sync="TRUE">String</attrtype><attwidth Sync="TRUE">8</attwidth><atprecis Sync="TRUE">0</atprecis><attscale Sync="TRUE">0</attscale></attr><attr><attrlabl Sync="TRUE">Shape_Leng</attrlabl><attalias Sync="TRUE">Shape_Leng</attalias><attrtype Sync="TRUE">Double</attrtype><attwidth Sync="TRUE">19</attwidth><atprecis Sync="TRUE">0</atprecis><attscale Sync="TRUE">0</attscale></attr><attr><attrlabl Sync="TRUE">Shape_Area</attrlabl><attalias Sync="TRUE">Shape_Area</attalias><attrtype Sync="TRUE">Double</attrtype><attwidth Sync="TRUE">19</attwidth><atprecis Sync="TRUE">0</atprecis><attscale Sync="TRUE">0</attscale><attrdef Sync="TRUE">Area of feature in internal units squared.</attrdef><attrdefs Sync="TRUE">Esri</attrdefs><attrdomv><udom Sync="TRUE">Positive real numbers that are automatically generated.</udom></attrdomv></attr><attr><attrlabl Sync="TRUE">FID_</attrlabl><attalias Sync="TRUE">FID_</attalias><attrtype Sync="TRUE">Integer</attrtype><attwidth Sync="TRUE">10</attwidth><atprecis Sync="TRUE">10</atprecis><attscale Sync="TRUE">0</attscale></attr><attr><attrlabl Sync="TRUE">MPO_1</attrlabl><attalias Sync="TRUE">MPO_1</attalias><attrtype Sync="TRUE">String</attrtype><attwidth Sync="TRUE">254</attwidth><atprecis Sync="TRUE">0</atprecis><attscale Sync="TRUE">0</attscale></attr><attr><attrlabl Sync="TRUE">TOPOP_17</attrlabl><attalias Sync="TRUE">TOPOP_17</attalias><attrtype Sync="TRUE">Double</attrtype><attwidth Sync="TRUE">19</attwidth><atprecis Sync="TRUE">0</atprecis><attscale Sync="TRUE">0</attscale></attr><attr><attrlabl Sync="TRUE">TOPOP_50</attrlabl><attalias Sync="TRUE">TOPOP_50</attalias><attrtype Sync="TRUE">Double</attrtype><attwidth Sync="TRUE">19</attwidth><atprecis Sync="TRUE">0</atprecis><attscale Sync="TRUE">0</attscale></attr><attr><attrlabl Sync="TRUE">POPHH_17</attrlabl><attalias Sync="TRUE">POPHH_17</attalias><attrtype Sync="TRUE">Double</attrtype><attwidth Sync="TRUE">19</attwidth><atprecis Sync="TRUE">0</atprecis><attscale Sync="TRUE">0</attscale></attr><attr><attrlabl Sync="TRUE">POPHH_50</attrlabl><attalias Sync="TRUE">POPHH_50</attalias><attrtype Sync="TRUE">Double</attrtype><attwidth Sync="TRUE">19</attwidth><atprecis Sync="TRUE">0</atprecis><attscale Sync="TRUE">0</attscale></attr><attr><attrlabl Sync="TRUE">POPGQ_17</attrlabl><attalias Sync="TRUE">POPGQ_17</attalias><attrtype Sync="TRUE">Double</attrtype><attwidth Sync="TRUE">19</attwidth><atprecis Sync="TRUE">0</atprecis><attscale Sync="TRUE">0</attscale></attr><attr><attrlabl Sync="TRUE">POPGQ_50</attrlabl><attalias Sync="TRUE">POPGQ_50</attalias><attrtype Sync="TRUE">Double</attrtype><attwidth Sync="TRUE">19</attwidth><atprecis Sync="TRUE">0</atprecis><attscale Sync="TRUE">0</attscale></attr><attr><attrlabl Sync="TRUE">HU_17</attrlabl><attalias Sync="TRUE">HU_17</attalias><attrtype Sync="TRUE">Double</attrtype><attwidth Sync="TRUE">19</attwidth><atprecis Sync="TRUE">0</atprecis><attscale Sync="TRUE">0</attscale></attr><attr><attrlabl Sync="TRUE">HU_50</attrlabl><attalias Sync="TRUE">HU_50</attalias><attrtype Sync="TRUE">Double</attrtype><attwidth Sync="TRUE">19</attwidth><atprecis Sync="TRUE">0</atprecis><attscale Sync="TRUE">0</attscale></attr><attr><attrlabl Sync="TRUE">HH_17</attrlabl><attalias Sync="TRUE">HH_17</attalias><attrtype Sync="TRUE">Double</attrtype><attwidth Sync="TRUE">19</attwidth><atprecis Sync="TRUE">0</atprecis><attscale Sync="TRUE">0</attscale></attr><attr><attrlabl Sync="TRUE">HH_50</attrlabl><attalias Sync="TRUE">HH_50</attalias><attrtype Sync="TRUE">Double</attrtype><attwidth Sync="TRUE">19</attwidth><atprecis Sync="TRUE">0</atprecis><attscale Sync="TRUE">0</attscale></attr><attr><attrlabl Sync="TRUE">AUTO_17</attrlabl><attalias Sync="TRUE">AUTO_17</attalias><attrtype Sync="TRUE">Double</attrtype><attwidth Sync="TRUE">19</attwidth><atprecis Sync="TRUE">0</atprecis><attscale Sync="TRUE">0</attscale></attr><attr><attrlabl Sync="TRUE">AUTO_50</attrlabl><attalias Sync="TRUE">AUTO_50</attalias><attrtype Sync="TRUE">Double</attrtype><attwidth Sync="TRUE">19</attwidth><atprecis Sync="TRUE">0</atprecis><attscale Sync="TRUE">0</attscale></attr><attr><attrlabl Sync="TRUE">K12_17</attrlabl><attalias Sync="TRUE">K12_17</attalias><attrtype Sync="TRUE">Double</attrtype><attwidth Sync="TRUE">19</attwidth><atprecis Sync="TRUE">0</atprecis><attscale Sync="TRUE">0</attscale></attr><attr><attrlabl Sync="TRUE">K12_50</attrlabl><attalias Sync="TRUE">K12_50</attalias><attrtype Sync="TRUE">Double</attrtype><attwidth Sync="TRUE">19</attwidth><atprecis Sync="TRUE">0</atprecis><attscale Sync="TRUE">0</attscale></attr><attr><attrlabl Sync="TRUE">COL_17</attrlabl><attalias Sync="TRUE">COL_17</attalias><attrtype Sync="TRUE">Double</attrtype><attwidth Sync="TRUE">19</attwidth><atprecis Sync="TRUE">0</atprecis><attscale Sync="TRUE">0</attscale></attr><attr><attrlabl Sync="TRUE">COL_50</attrlabl><attalias Sync="TRUE">COL_50</attalias><attrtype Sync="TRUE">Double</attrtype><attwidth Sync="TRUE">19</attwidth><atprecis Sync="TRUE">0</atprecis><attscale Sync="TRUE">0</attscale></attr><attr><attrlabl Sync="TRUE">TOEMP_17</attrlabl><attalias Sync="TRUE">TOEMP_17</attalias><attrtype Sync="TRUE">Double</attrtype><attwidth Sync="TRUE">19</attwidth><atprecis Sync="TRUE">0</atprecis><attscale Sync="TRUE">0</attscale></attr><attr><attrlabl Sync="TRUE">TOEMP_50</attrlabl><attalias Sync="TRUE">TOEMP_50</attalias><attrtype Sync="TRUE">Double</attrtype><attwidth Sync="TRUE">19</attwidth><atprecis Sync="TRUE">0</atprecis><attscale Sync="TRUE">0</attscale></attr><attr><attrlabl Sync="TRUE">REEMP_17</attrlabl><attalias Sync="TRUE">REEMP_17</attalias><attrtype Sync="TRUE">Double</attrtype><attwidth Sync="TRUE">19</attwidth><atprecis Sync="TRUE">0</atprecis><attscale Sync="TRUE">0</attscale></attr><attr><attrlabl Sync="TRUE">REEMP_50</attrlabl><attalias Sync="TRUE">REEMP_50</attalias><attrtype Sync="TRUE">Double</attrtype><attwidth Sync="TRUE">19</attwidth><atprecis Sync="TRUE">0</atprecis><attscale Sync="TRUE">0</attscale></attr><attr><attrlabl Sync="TRUE">NREMP_17</attrlabl><attalias Sync="TRUE">NREMP_17</attalias><attrtype Sync="TRUE">Double</attrtype><attwidth Sync="TRUE">19</attwidth><atprecis Sync="TRUE">0</atprecis><attscale Sync="TRUE">0</attscale></attr><attr><attrlabl Sync="TRUE">NREMP_50</attrlabl><attalias Sync="TRUE">NREMP_50</attalias><attrtype Sync="TRUE">Double</attrtype><attwidth Sync="TRUE">19</attwidth><atprecis Sync="TRUE">0</atprecis><attscale Sync="TRUE">0</attscale></attr><attr><attrlabl Sync="TRUE">L_D_RE</attrlabl><attalias Sync="TRUE">L_D_RE</attalias><attrtype Sync="TRUE">Double</attrtype><attwidth Sync="TRUE">19</attwidth><atprecis Sync="TRUE">0</atprecis><attscale Sync="TRUE">0</attscale></attr><attr><attrlabl Sync="TRUE">M_D_RE_SF</attrlabl><attalias Sync="TRUE">M_D_RE_SF</attalias><attrtype Sync="TRUE">Double</attrtype><attwidth Sync="TRUE">19</attwidth><atprecis Sync="TRUE">0</atprecis><attscale Sync="TRUE">0</attscale></attr><attr><attrlabl Sync="TRUE">M_D_RE_MF</attrlabl><attalias Sync="TRUE">M_D_RE_MF</attalias><attrtype Sync="TRUE">Double</attrtype><attwidth Sync="TRUE">19</attwidth><atprecis Sync="TRUE">0</atprecis><attscale Sync="TRUE">0</attscale></attr><attr><attrlabl Sync="TRUE">H_D_RE</attrlabl><attalias Sync="TRUE">H_D_RE</attalias><attrtype Sync="TRUE">Double</attrtype><attwidth Sync="TRUE">19</attwidth><atprecis Sync="TRUE">0</atprecis><attscale Sync="TRUE">0</attscale></attr><attr><attrlabl Sync="TRUE">MU</attrlabl><attalias Sync="TRUE">MU</attalias><attrtype Sync="TRUE">Double</attrtype><attwidth Sync="TRUE">19</attwidth><atprecis Sync="TRUE">0</atprecis><attscale Sync="TRUE">0</attscale></attr><attr><attrlabl Sync="TRUE">COM</attrlabl><attalias Sync="TRUE">COM</attalias><attrtype Sync="TRUE">Double</attrtype><attwidth Sync="TRUE">19</attwidth><atprecis Sync="TRUE">0</atprecis><attscale Sync="TRUE">0</attscale></attr><attr><attrlabl Sync="TRUE">INS</attrlabl><attalias Sync="TRUE">INS</attalias><attrtype Sync="TRUE">Double</attrtype><attwidth Sync="TRUE">19</attwidth><atprecis Sync="TRUE">0</atprecis><attscale Sync="TRUE">0</attscale></attr><attr><attrlabl Sync="TRUE">OF</attrlabl><attalias Sync="TRUE">OF</attalias><attrtype Sync="TRUE">Double</attrtype><attwidth Sync="TRUE">19</attwidth><atprecis Sync="TRUE">0</atprecis><attscale Sync="TRUE">0</attscale></attr><attr><attrlabl Sync="TRUE">IND</attrlabl><attalias Sync="TRUE">IND</attalias><attrtype Sync="TRUE">Double</attrtype><attwidth Sync="TRUE">19</attwidth><atprecis Sync="TRUE">0</atprecis><attscale Sync="TRUE">0</attscale></attr><attr><attrlabl Sync="TRUE">Other</attrlabl><attalias Sync="TRUE">Other</attalias><attrtype Sync="TRUE">String</attrtype><attwidth Sync="TRUE">254</attwidth><atprecis Sync="TRUE">0</atprecis><attscale Sync="TRUE">0</attscale></attr><attr><attrlabl Sync="TRUE">AG</attrlabl><attalias Sync="TRUE">AG</attalias><attrtype Sync="TRUE">String</attrtype><attwidth Sync="TRUE">254</attwidth><atprecis Sync="TRUE">0</atprecis><attscale Sync="TRUE">0</attscale></attr><attr><attrlabl Sync="TRUE">FO</attrlabl><attalias Sync="TRUE">FO</attalias><attrtype Sync="TRUE">Double</attrtype><attwidth Sync="TRUE">19</attwidth><atprecis Sync="TRUE">0</atprecis><attscale Sync="TRUE">0</attscale></attr><attr><attrlabl Sync="TRUE">PA</attrlabl><attalias Sync="TRUE">PA</attalias><attrtype Sync="TRUE">Double</attrtype><attwidth Sync="TRUE">19</attwidth><atprecis Sync="TRUE">0</atprecis><attscale Sync="TRUE">0</attscale></attr><attr><attrlabl Sync="TRUE">Parcel_ACR</attrlabl><attalias Sync="TRUE">Parcel_ACR</attalias><attrtype Sync="TRUE">Double</attrtype><attwidth Sync="TRUE">19</attwidth><atprecis Sync="TRUE">0</atprecis><attscale Sync="TRUE">0</attscale></attr><attr><attrlabl Sync="TRUE">Redacted</attrlabl><attalias Sync="TRUE">Redacted</attalias><attrtype Sync="TRUE">Double</attrtype><attwidth Sync="TRUE">19</attwidth><atprecis Sync="TRUE">0</atprecis><attscale Sync="TRUE">0</attscale></attr></detailed></eainfo><mdDateSt Sync="TRUE">20230727</mdDateSt></metadata>
